Station Id,State Code,Network Code,Station Name,Elevation,Latitude,Longitude,County Name,Huc.huc,Huc.hucname,Start Date,End Date
12502500,WA,USGS,Ahtanum Ck at Union Gap,940,46.53596,-120.47340,Yakima,170300030105,Lower Ahtanum Creek,1903-10-31,2100-01-01
08236000,CO,USGS,Alamosa Ck ab Terrace Reservoir,8600,37.37473,-106.33476,Conejos,130100020304,French Creek-Alamosa River,1914-05-01,2100-01-01
10164500,UT,USGS,American Fk ab Upper Powerplant,5950,40.44773,-111.68215,Utah,160202010802,Middle American Fork Canyon,1927-01-01,2100-01-01
11446500,CA,USGS,American R A Fair Oaks CA,72,38.63546,-121.22773,Sacramento,180201110201,Upper American River,1904-10-01,2100-01-01
1144650N,CA,USGS,American R A Fair Oaks Ca NWS,71,38.63333,-121.21666,Sacramento,180201110201,Upper American River,1904-10-31,2100-01-01
12488500,WA,USGS,American R nr Nile,2700,46.97762,-121.16870,Yakima,170300020107,Lower American River,1909-04-25,2100-01-01
09361500,CO,USGS,Animas R at Durango,6502,37.27917,-107.88034,La Plata,140801040604,Dry Fork-Animas River,1897-10-01,2100-01-01
14362000,OR,USGS,Applegate Lake Inflow,1748,42.06374,-123.11144,Jackson,171003090201,Palmer Creek-Applegate River,1938-10-01,2100-01-01
07099400,CO,USGS,Arkansas R ab Pueblo,4740,38.27167,-104.71803,Pueblo,110200020905,Salt Creek-Arkansas River,1959-05-01,2100-01-01
07091500,CO,USGS,Arkansas R at Salida,7050,38.54583,-106.01057,Chaffee,110200010709,Squaw Creek-Arkansas River,1909-10-01,2100-01-01
10311200,NV,USGS,Ash Canyon Ck nr Carson City,5080,39.17630,-119.80574,Carson City,160502010505,Eagle Valley-Carson River,1976-01-01,2100-01-01
09266500,UT,USGS,Ashley Ck nr Vernal,6231,40.57746,-109.62209,Uintah,140600100805,Spring Creek-Ashley Creek,1914-10-01,2100-01-01
13335050,WA,USGS,Asotin Ck at Asotin,760,46.34072,-117.05599,Asotin,170601030209,Asotin Creek,1991-03-22,2100-01-01
06093200,MT,USGS,Badger Ck nr Browning,4179,48.34619,-112.84176,Glacier,100302010203,Mitten Lake-Badger Creek,1951-01-01,2100-01-01
12193500,WA,USGS,Baker R at Concrete,190,48.54000,-121.74194,Skagit,171100051007,Lake Shannon-Baker River,1910-10-01,2100-01-01
06710385,CO,USGS,Bear Ck ab Evergreen,7080,39.63317,-105.33694,Jefferson,101900020804,Cub Creek,1984-01-01,2100-01-01
13330500,OR,USGS,Bear Ck nr Wallowa,3250,45.52681,-117.55241,Wallowa,170601050402,Lower Bear Creek,1915-01-01,2100-01-01
10020100,WY,USGS,Bear R ab Resv nr Woodruff,6455,41.43439,-111.01769,Uinta,160101010505,Whitney Canyon Creek-Bear River,1957-10-01,2100-01-01
10046500,ID,USGS,Bear R bl Stewart Dam,5950,42.25382,-111.29381,Bear Lake,160102010403,Bear Hollow-Bear River,1926-10-01,2100-01-01
10011500,UT,USGS,Bear R nr Ut-Wy State Line,7965,40.96523,-110.85351,Summit,160101010106,Cottonwood Creek-Mill Creek,1942-01-01,2100-01-01
10234500,UT,USGS,Beaver R nr Beaver,6200,38.28053,-112.56827,Beaver,160300070207,Johnson Hollow-Beaver River,1914-03-15,2100-01-01
06016000,MT,USGS,Beaverhead R at Barretts,5268,45.11631,-112.75058,Beaverhead,100200020404,Gallagher Creek-Beaverhead River,1907-01-01,2100-01-01
06015400,MT,USGS,Beaverhead R nr Grant,5443,45.00325,-112.85364,Beaverhead,100200020402,Henneberry Creek-Beaverhead River,1960-10-01,2100-01-01
09261700,UT,USGS,Big Brush Ck ab Red Fleet Reservoir,5625,40.58885,-109.46541,Uintah,140600100205,Cottonwood Wash-Big Brush Creek,1947-10-01,2100-01-01
11237000,CA,USGS,Big C bl Huntington Lk CA,6630,37.22133,-119.21262,Fresno,180400060904,Lower Big Creek,1925-06-09,2100-01-01
10023000,UT,USGS,Big Ck nr Randolph,6410,41.60994,-111.25409,Rich,160101010702,Sugar Pine Canyon,1939-03-19,2100-01-01
10168500,UT,USGS,Big Cottonwood Ck nr SLC,4990,40.61856,-111.78188,Salt Lake,160202040205,Outlet Big Cottonwood Creek,1930-10-01,2100-01-01
06301850,WY,USGS,Big Goose Ck nr Sheridan,4650,44.69575,-107.19075,Sheridan,100901010104,Lower South Tongue River,1979-10-01,2100-01-01
06024450,MT,USGS,Big Hole R bl Big Lake Ck at Wisdom,6040,45.61853,-113.45784,Beaverhead,100200040407,Town of Wisdom-Big Hole River,1988-01-01,2100-01-01
06025500,MT,USGS,Big Hole R nr Melrose,5033,45.52659,-112.70169,Beaverhead,100200041209,Lost Creek-Big Hole River,1923-10-01,2100-01-01
13120500,ID,USGS,Big Lost R at Howell Ranch,6622,43.99833,-114.02111,Custer,170402180403,Rock Creek-Big Lost River,1904-01-01,2100-01-01
13127000,ID,USGS,Big Lost R bl Mackay Reservoir,5946,43.93917,-113.64833,Custer,170402180701,Lower Cedar Creek-Big Lost River,1903-12-01,2100-01-01
09213500,WY,USGS,Big Sandy R nr Farson,6770,42.31689,-109.48569,Sublette,140401040112,140401040112,1914-10-01,2100-01-01
06738000,CO,USGS,Big Thompson R at Canyon Mouth,5305,40.42165,-105.22665,Larimer,101900060603,Big Thompson River Canyon,1927-01-01,2100-01-01
13141000,ID,USGS,Big Wood R ab Magic Reservoir,4820,43.32806,-114.34167,Blaine,170402190604,Poverty Flat-Big Wood River,1911-07-06,2100-01-01
13139510,ID,USGS,Big Wood R at Hailey,5295,43.51722,-114.32167,Blaine,170402190505,Indian Creek-Big Wood River,1915-07-01,2100-01-01
13142500,ID,USGS,Big Wood R bl Magic Dam,4662,43.24806,-114.35667,Blaine,170402190702,Wedge Butte-Big Wood River,1911-04-19,2100-01-01
06279500,WY,USGS,Bighorn R at Kane,3660,44.75857,-108.18150,Big Horn,100800100310,Red Flat-Bighorn River,1928-10-01,2100-01-01
06287000,MT,USGS,Bighorn R nr St. Xavier,3158,45.31663,-107.91872,Big Horn,100800150302,War Man Creek-Bighorn River,1934-10-01,2100-01-01
12344000,MT,USGS,Bitterroot R nr Darby,3942,45.97205,-114.14123,Ravalli,170102050806,Bitterroot River-Darby,1937-04-01,2100-01-01
12352800,MT,USGS,Bitterroot R nr Missoula,3110,46.83187,-114.05400,Missoula,170102051603,Bitterroot River-Hayes Creek,1929-10-01,2100-01-01
12340000,MT,USGS,Blackfoot R nr Bonner,3345,46.89965,-113.75649,Missoula,170102031308,Blackfoot River-Johnson Gulch,1898-07-01,2100-01-01
09217900,UT,USGS,Blacks Fk nr Robertson,8811,40.95911,-110.58017,Summit,140401070303,Lower Cottonwood Creek,1966-08-01,2100-01-01
10113500,UT,USGS,Blacksmith Fk nr Hyrum,5021,41.62355,-111.73883,Cache,160102030209,Millville Canyon-Blacksmith Fork,1913-11-28,2100-01-01
14162200,OR,USGS,Blue Lake Inflow,1057,44.16235,-122.33312,Lane,170900040403,Lower Blue River,1966-10-01,2100-01-01
09050700,CO,USGS,Blue R bl Dillon Reservoir,8760,39.62554,-106.06641,Summit,140100020501,Straight Creek-Blue River,1951-01-01,2100-01-01
09057500,CO,USGS,Blue R bl Green Mountain Reservoir,7683,39.88026,-106.33392,Summit,140100020602,Deep Creek-Blue River,1937-10-01,2100-01-01
150028,CA,USGS,Boca Res Local Inflow,5620,39.39041,-120.09559,Nevada,160501020107,Boca Reservoir-Little Truckee River,1939-09-01,2100-01-01
13202000,ID,USGS,Boise R nr Boise,2827,43.52767,-116.05955,Ada,170501140401,Warm Springs Creek-Boise River,1895-01-01,2100-01-01
13185000,ID,USGS,Boise R nr Twin Springs,3310,43.66806,-115.72528,Boise,170501120503,Badger Creek-Boise River,1911-01-01,2100-01-01
06727000,CO,USGS,Boulder Ck nr Orodell,5826,40.00637,-105.33083,Boulder,101900050404,Boulder Creek Canyon,1906-10-01,2100-01-01
06200000,MT,USGS,Boulder R at Big Timber,4056,45.83411,-109.93880,Sweet Grass,100700020909,Cherry Creek-Boulder River,1947-01-01,2100-01-01
06033000,MT,USGS,Boulder R nr Boulder,4810,46.21104,-112.09166,Jefferson,100200060503,McCarty Creek-Boulder River,1929-01-01,2100-01-01
12321500,ID,USGS,Boundary Ck nr Porthill,1770,48.99717,-116.56910,Boundary,170101040603,Saddle Creek-Boundary Creek,1928-01-01,2100-01-01
BOWLLAKE,NM,USGS,Bowl Canyon Ck ab Asaayi Lake,7520,35.98400,-108.92560,McKinley,150200060301,Bowl Canyon Creek,1979-03-01,2100-01-01
11415500,CA,USGS,"Bowman Lake Near Graniteville, CA",5567,39.43333,-120.65000,Nevada,180201250603,Canyon Creek,2004-01-01,2100-01-01
13168500,ID,USGS,Bruneau R nr Hot Spring,2599,42.77111,-115.72028,Owyhee,170501021703,Seventy One Gulch-Bruneau River,1909-01-01,2100-01-01
06282000,WY,USGS,Buffalo Bill Reservoir Inflow,4900,44.51662,-109.09792,Park,100800140106,Lower Sage Creek,1921-01-01,2100-01-01
13011900,WY,USGS,Buffalo Fk ab Lava Ck nr Moran,6773,43.83806,-110.44083,Teton,170401010510,Stewart Draw-Snake River,1965-09-22,2100-01-01
06225000,WY,USGS,Bull Lake Ck nr Lenore,5654,43.24246,-109.02291,Fremont,100800010604,Upper Crow Creek,1918-01-01,2100-01-01
12488000,WA,USGS,Bumping Lake Inflow,3367,46.87261,-121.29259,Yakima,170300020108,Lower Bumping River,1909-05-01,2100-01-01
13273000,OR,USGS,Burnt R nr Hereford,3758,44.50377,-118.17744,Baker,170502020401,Pine Creek-Burnt River,1915-01-01,2100-01-01
14032000,OR,USGS,Butter Ck nr Pine City,1400,45.54429,-119.31224,Morrow,170701030907,Ayers Canyon-Butter Creek,1926-01-01,2100-01-01
06752000,CO,USGS,Cache La Poudre at Canyon Mouth,5220,40.66443,-105.22443,Larimer,101900070805,City of Fort Collins-Cache La Poudre River,1881-07-01,2100-01-01
13112000,ID,USGS,Camas Ck at Camas,4807,44.00278,-112.22111,Jefferson,170402140605,Lower Camas Creek,1925-01-01,2100-01-01
13141500,ID,USGS,Camas Ck nr Blaine,4870,43.33278,-114.54194,Camas,170402200504,Poison Creek-Camas Creek,1912-06-01,2100-01-01
14042500,OR,USGS,Camas Ck nr Ukiah,3589,45.15680,-118.82053,Umatilla,170702020505,Lane Creek-Camas Creek,1914-05-01,2100-01-01
CTOMWASH,NM,USGS,Captain Tom Wash nr Two Gray Hills,5900,36.23730,-108.80450,San Juan,140801061604,Headwaters Captain Tom Wash,1978-10-01,2100-01-01
10312000,NV,USGS,Carson R at Ft Churchill,4180,39.29167,-119.31111,Lyon,160502020404,Lahontan Reservoir,1911-04-13,2100-01-01
10311000,NV,USGS,Carson R nr Carson City,4620,39.10769,-119.71323,Carson City,160502010504,Saratoga Hot Spring-Carson River,1939-05-12,2100-01-01
13320000,OR,USGS,Catherine Ck nr Union,3082,45.15542,-117.77493,Union,170601040507,Brinker Creek-Catherine Creek,1911-01-01,2100-01-01
12115000,WA,USGS,Cedar R nr Cedar Falls,1560,47.37011,-121.62510,King,171100120103,Chester Morse Lake-Cedar River,1945-10-01,2100-01-01
10143500,UT,USGS,Centerville Ck nr Centerville,4680,40.91633,-111.86299,Davis,160201020501,Holbrook Creek-Frontal Farmington Bay,1949-10-01,2100-01-01
10131000,UT,USGS,Chalk Ck at Coalville,5561,40.92050,-111.40159,Summit,160201010307,Lower Chalk Creek,1927-04-01,2100-01-01
07091000,CO,USGS,Chalk Ck nr Nathrop,8113,38.73361,-106.16002,Chaffee,110200010502,Outlet Chalk Creek,1949-01-01,2100-01-01
12433200,WA,USGS,Chamokane Ck nr Long Lake,1420,47.86322,-117.85829,Stevens,170103070204,Lower Chamokane Creek,1971-01-01,2100-01-01
12452500,WA,USGS,Chelan R at Chelan,1090,47.83458,-120.01313,Chelan,170200090305,Lake Chelan-Chelan River,1903-11-01,2100-01-01
15493000,AK,USGS,Chena R nr Two Rivers,720,64.90237,-146.35937,Fairbanks North Star,190803060602,Rock Creek-Chena River,1967-10-01,2100-01-01
11277300,CA,USGS,Cherry C bl Valley Dam nr Hetch Hetchy C,4337,37.96770,-119.91740,Tuolumne,180400090405,Lower Cherry Creek,1956-11-01,2100-01-01
10384000,OR,USGS,Chewaucan R nr Paisley,4430,42.68460,-120.56997,Lake,171200060203,Mill Creek-Chewaucan River,1905-10-01,2100-01-01
07206000,NM,USGS,Cimarron R bl Eagle Nest Dam,8080,36.53213,-105.22814,Colfax,110800020107,Ute Creek-Cimarron River,1950-05-01,2100-01-01
07207000,NM,USGS,Cimarron R nr Cimarron,6600,36.51983,-104.97861,Colfax,110800020109,Cimarroncito Creek-Cimarron River,1950-06-01,2100-01-01
10172500,UT,USGS,City Ck nr SLC,4540,40.79245,-111.87716,Salt Lake,160202040304,City Creek,1949-10-01,2100-01-01
14209500,OR,USGS,Clackamas R ab Three Lynx,1092,45.12484,-122.07341,Clackamas,170900110401,Three Lynx Creek-Clackamas River,1909-04-01,2100-01-01
14210000,OR,USGS,Clackamas R at Estacada,287,45.29984,-122.35397,Clackamas,170900110603,Dubois Creek-Clackamas River,1908-04-01,2100-01-01
1152540N,CA,USGS,"Clair Engle Lake Near Lewiston, Ca NWS",2360,40.80000,-122.75000,Trinity,180102110504,Papoose Creek-Trinity River,1960-01-01,2100-01-01
12324680,MT,USGS,Clark Fk at Goldcreek,4173,46.58333,-112.93333,Powell,170102010807,Clark Fork River-Carten Creek,1977-01-01,2100-01-01
12340400,MT,USGS,Clark Fork R ab Milltown,3280,46.86486,-113.87644,Missoula,170102021405,Clark Fork River-Donovan Creek,1939-10-01,2100-01-01
12340500,MT,USGS,Clark Fork R ab MissouLa,3198,46.87715,-113.93233,Missoula,170102040104,Clark Fork River-Marshall Creek,1929-01-01,2100-01-01
12354500,MT,USGS,Clark Fork R at St. Regis,2600,47.30187,-115.08736,Mineral,170102040805,Savenac Creek,1910-10-01,2100-01-01
12391950,ID,USGS,Clark Fork R bl Cabinet Gorge Dam,2060,48.08806,-116.07278,Bonner,170102131309,Clark Fork River-Cabinet Gorge Dam,1850-01-01,2100-01-01
12353000,MT,USGS,Clark Fork R bl MissouLa,3084,46.86909,-114.12678,Missoula,170102040205,Clark Fork River-Rock Creek,1929-10-01,2100-01-01
12389000,MT,USGS,Clark Fork R nr Plains,2449,47.42966,-114.85597,Sanders,170102130510,Clark Fork River-Plains,1910-10-01,2100-01-01
06207500,MT,USGS,Clarks Fk Yellowstone R nr Belfry,3986,45.01023,-109.06542,Carbon,100700060605,Lower Big Sand Coulee,1921-01-01,2100-01-01
12479000,WA,USGS,Cle Elum Lake Inflow,2102,47.24456,-121.06786,Kittitas,170300010106,Lower Cle Elum River,1903-10-01,2100-01-01
10194200,UT,USGS,Clear Ck ab Diversions nr Sevier,5680,38.57942,-112.28854,Sevier,160300030105,Outlet Clear Creek,1957-08-01,2100-01-01
06719505,CO,USGS,Clear Ck at Golden,5695,39.75304,-105.23527,Jefferson,101900040402,Clear Creek Canyon,1957-10-01,2100-01-01
13340000,ID,USGS,Clearwater R at Orofino,991,46.47833,-116.25750,Clearwater,170603060504,Big Creek-Clearwater River,1930-10-01,2100-01-01
13342500,ID,USGS,Clearwater R at Spalding,770,46.44850,-116.82737,Nez Perce,170603061308,Catholic Creek-Clearwater River,1910-10-01,2100-01-01
10243700,NV,USGS,Cleve Ck nr Ely,6200,39.21658,-114.52964,White Pine,160600080404,Cleve Creek,1914-05-29,2100-01-01
10242000,UT,USGS,Coal Ck nr Cedar City,6000,37.67220,-113.03467,Iron,160300060309,Saslt Creek Canyon-Coal Creek,1915-06-01,2100-01-01
09118450,CO,USGS,Cochetopa Ck bl Rock Ck nr Parlin,8470,38.33555,-106.77226,Saguache,140200030508,Rock Creek-Cochetopa Creek,1889-11-01,2100-01-01
09379900,AZ,USGS,Colorado R at Glen Canyon Dam,3100,36.92166,-111.48349,Coconino,140700061105,Honey Draw-Colorado River,1909-10-01,2100-01-01
09019000,CO,USGS,Colorado R bl Lake Granby,8050,40.14415,-105.86723,Grand,140100010309,Smith Creek-Colorado River,1927-10-01,2100-01-01
09095500,CO,USGS,Colorado R nr Cameo,4814,39.23915,-108.26619,Mesa,140100051407,Roberts Canyon-Colorado River,1933-10-01,2100-01-01
09180500,UT,USGS,Colorado R nr Cisco,4090,38.81054,-109.29345,Grand,140300050302,Yellow Jacket Canyoner-Colorado River,1912-10-01,2100-01-01
09070500,CO,USGS,Colorado R nr Dotsero,6130,39.64461,-107.07801,Eagle,140100011508,140100011508,1940-12-01,2100-01-01
09058000,CO,USGS,Colorado R nr Kremmling,7320,40.03667,-106.43944,Grand,140100010901,Sheep Creek-Colorado River,1900-01-01,2100-01-01
12436500,WA,USGS,Columbia R at Grand Coulee-NWS,900,47.96543,-118.98280,Douglas,170200050203,Sanderson Creek-Columbia River,1923-07-01,2100-01-01
14105700,OR,USGS,Columbia R at The Dalles-NWS,120,45.60828,-121.18992,Wasco,170701050406,Murdock-Columbia River,1878-06-01,2100-01-01
12462600,WA,USGS,Columbia R bl Rock Island Dam-NWS,500,47.33235,-120.08117,Douglas,170200100401,Dry Gulch-Columbia River,1934-10-01,2100-01-01
12409000,WA,USGS,Colville R at Kettle Falls,1400,48.59435,-118.06249,Stevens,170200030406,Gold Creek-Colville River,1922-10-01,2100-01-01
12345000,MT,USGS,Como Reservoir Inflow,4070,46.06750,-114.22380,Ravalli,170102050805,Rock Creek,1922-01-01,2100-01-01
07223500,NM,USGS,Conchas Reservoir Inflow,4022,35.40894,-104.16998,San Miguel,110800060404,La Cinta Creek-Canadian River,1943-06-01,2100-01-01
09172600,CO,USGS,Cone Reservoir Inlet,8385,37.98367,-108.25189,San Miguel,140300030401,Headwaters Naturita Creek,1895-03-01,2100-01-01
08246500,CO,USGS,Conejos R nr Mogote,8274,37.05390,-106.18753,Conejos,130100050405,Sheep Creek-Conejos River,1903-04-01,2100-01-01
08253900,NM,USGS,Costilla Ck bl Costilla Dam,9300,36.87281,-105.28367,Taos,130201010103,Comanche Creek-Costillo Creek,1937-04-09,2100-01-01
08255500,NM,USGS,Costilla Ck nr Costilla,7936,36.96686,-105.50711,Taos,130201010106,Town of Garcia-Costillo River,1936-03-07,2100-01-01
11335000,CA,USGS,Cosumnes R A Michigan Bar CA,168,38.50019,-121.04522,Sacramento,180400130605,Arkansas Creek-Cosumnes River,1907-10-01,2100-01-01
1133500N,CA,USGS,Cosumnes R A Michigan Bar Ca (NWS),168,38.50000,-121.33330,Sacramento,180201630401,Elder Creek,1907-10-31,2100-01-01
14159500,OR,USGS,Cougar Lake Inflow,1236,44.13596,-122.24839,Lane,170900040308,Cougar Creek-South Fork McKenzie River,1947-10-01,2100-01-01
14308990,OR,USGS,"Cow Creek Above Galesville Reservoir, OR",1900,42.82333,-123.12472,Douglas,171003020603,Galesville Reservoir-Cow Creek,1984-09-01,2100-01-01
14243000,WA,USGS,Cowlitz R at Castle Rock,25,46.27483,-122.91456,Cowlitz,170800050904,Whittle Creek-Cowlitz River,1926-12-10,2100-01-01
14238000,WA,USGS,Cowlitz R bl Mayfield,227,46.51039,-122.61622,Lewis,170800050301,Mill Creek-Cowlitz River,1934-04-01,2100-01-01
09398300,AZ,BOR,Cragin Dam Reservoir,6620,34.55528,-111.18333,Coconino,150200080311,East Clear Creek-Clear Creek,1964-12-20,2100-01-01
14053500,OR,BOR,Crane Prairie,4450,43.75529,-121.78508,Deschutes,170703010109,Crane Prairie Reservoir-Deschutes River,1922-11-01,2100-01-01
14053500,OR,USGS,Crane Prairie Reservoir Inflow,4420,43.75361,-121.78250,Deschutes,170703010207,Wickiup Reservoir-Deschutes River,1922-12-01,2100-01-01
14060000,OR,USGS,Crescent Lake Inflow,4820,43.50290,-121.97336,Klamath,170703020205,Upper Crescent Creek,1912-01-01,2100-01-01
07114000,CO,USGS,Cucharas R nr La Veta,7781,37.42001,-105.05278,Huerfano,110200060406,Middle Creek-Cucharas River,1934-10-01,2100-01-01
08250000,CO,USGS,Culebra Ck at San Luis,8000,37.18389,-105.42583,Costilla,130100020906,130100020906,1927-04-01,2100-01-01
09286700,UT,USGS,Currant Ck bl Currant Ck Dam,7550,40.33078,-111.04961,Wasatch,140600040402,Little Red Creek-Current Creek,1945-10-01,2100-01-01
06098500,MT,USGS,Cut Bank Ck nr Browning,3561,48.63332,-112.34700,Glacier,100302020705,Hope Lake-Cut Bank Creek,1918-04-01,2100-01-01
13236500,ID,USGS,Deadwood R bl Deadwood Res nr Lowman,5181,44.29194,-115.64194,Valley,170501200501,Warm Springs Creek,1926-10-01,2100-01-01
10371500,OR,USGS,Deep Ck ab Adel,4980,42.18905,-120.00162,Lake,171200070310,Gibson Canyon-Deep Creek,1922-10-01,2100-01-01
06410000,SD,USGS,Deerfield Reservoir Inflow,5785,44.02915,-103.78187,Pennington,101201100108,Lower Castle Creek,1946-08-01,2100-01-01
10171000,UT,USGS,Dell Fk nr SLC,5800,40.76881,-111.70230,Salt Lake,160202040302,Parleys Creek,1942-12-01,2100-01-01
14064500,OR,USGS,Deschutes R at Benham Falls,4142,43.93012,-121.41197,Deschutes,170703010402,Town of Sunriver-Deschutes River,1906-04-01,2100-01-01
14050000,OR,USGS,Deschutes R bl Snow Ck,4445,43.81401,-121.77697,Deschutes,170703010104,Snow Creek-Deschutes River,1937-10-01,2100-01-01
14181500,OR,USGS,Detroit Lake Inflow,1094,44.75262,-122.29841,Linn,170900050401,Sevenmile Creek-North santiam River,1908-12-01,2100-01-01
06221400,WY,USGS,Dinwoody Ck nr Burris,6500,43.34551,-109.41014,Fremont,100800010503,Upper Dinwoody Creek,1957-10-01,2100-01-01
09166500,CO,USGS,Dolores R at Dolores,6940,37.47249,-108.49759,Montezuma,140300020306,Cover Canyon-Dolores River,1895-10-01,2100-01-01
09169000,CO,USGS,Dolores R bl Mcphee Reservoir,6666,37.57694,-108.57194,Montezuma,140300020601,Ponderosa Gorge-Dolores River,1928-01-01,2100-01-01
11287500,CA,USGS,"Don Pedro Reservoir Near La Grange, CA",475,37.70000,-120.40000,Amador,180400091206,Big Creek-Tuolumne River,2004-01-01,2100-01-01
1128750N,CA,USGS,"Don Pedro Reservoir Near La Grange, Ca (",475,37.70000,-120.40000,Amador,180400091206,Big Creek-Tuolumne River,2004-01-01,2100-01-01
10338500,CA,USGS,Donner Lk Inflow,5294,39.32361,-120.23333,Nevada,160501020201,Donner Creek,1929-01-01,2100-01-01
10396000,OR,USGS,Donner Und Blitzen R nr Frenchglen,4254,42.79083,-118.86750,Harney,171200030108,Dry Creek-Donner und Blitzen River,1909-01-01,2100-01-01
09279150,UT,USGS,Duchesne R ab Knight Diversion,5840,40.27051,-110.44266,Duchesne,140600030402,Benson Draw-Duchesne River,1969-10-01,2100-01-01
09295000,UT,USGS,Duchesne R at Myton,5061,40.20024,-110.06376,Duchesne,140600031502,Lower South Myton Bench-Duchesne River,1904-07-01,2100-01-01
09302000,UT,USGS,Duchesne R nr Randlett,4756,40.21028,-109.78139,Uintah,140600031505,Leland Bench-Duchesne River,1904-07-01,2100-01-01
09277500,UT,USGS,Duchesne R nr Tabiona,6190,40.30023,-110.60238,Duchesne,140600030206,Wagstaff Hollow-Duchesne River,1889-07-01,2100-01-01
12048000,WA,USGS,Dungeness R nr Sequim,569,48.01426,-123.13268,Clallam,171100200306,Middle Dungeness River,1923-01-01,2100-01-01
10172952,UT,USGS,Dunn Ck nr Park Valley,6250,41.85853,-113.32722,Box Elder,160203081407,Cotton Creek,1971-05-01,2100-01-01
06095400,MT,USGS,Dupuyer Ck nr Valier,3920,48.23608,-112.39810,Pondera,100302010504,Lower Dupuyer Creek,1947-10-01,2100-01-01
13340950,ID,BOR,Dworshak Reservoir,1599,46.51520,-116.29493,Clearwater,170603080804,Freeman Creek-North Fork Clearwater River,1971-10-01,2100-01-01
13340950,ID,USGS,Dworshak Reservoir Inflow,1500,46.51528,-116.29611,Clearwater,170603080804,Freeman Creek-North Fork Clearwater River,1926-10-01,2100-01-01
10293000,CA,USGS,E Walker R nr Bridgeport,6400,38.32770,-119.21488,Mono,160503010301,Murphy Creek-East Walker River,1921-10-01,2100-01-01
09070000,CO,USGS,Eagle R bl Gypsum,6275,39.64943,-106.95366,Eagle,140100030606,Outlet Eagle River,1946-10-01,2100-01-01
10133800,UT,USGS,East Canyon Ck nr Jeremy Ranch,6240,40.75967,-111.56409,Summit,160201020103,Big Dutch Hollow-East Canyon Creek,2001-10-01,2100-01-01
10134500,UT,USGS,East Canyon Ck nr Morgan,5460,40.92245,-111.60715,Morgan,160201020106,Outlet East Canyon Creek,1931-10-01,2100-01-01
09398300,AZ,USGS,East Clear Ck bl Blue Ridge Reservoir,6620,34.55530,-111.18403,Coconino,150200080303,East Clear Creek-Blue Ridge Reservoir,1936-09-01,2100-01-01
09112500,CO,USGS,East R at Almont,8006,38.66444,-106.84810,Gunnison,140200010210,Lower East River,1910-10-01,2100-01-01
10131500,UT,BOR,Echo Reservoir,5580,40.96373,-111.43240,Summit,160201010702,Echo Reservoir-Weber River,1931-09-01,2100-01-01
10131500,UT,USGS,Echo Reservoir Inflow,5440,40.96772,-111.43770,Summit,160201010702,Echo Reservoir-Weber River,1941-01-01,2100-01-01
10309000,NV,USGS,EF Carson R nr Gardnerville,5000,38.84491,-119.70462,Douglas,160502010204,Bodie Flat-East Fork Carson River,1890-01-01,2100-01-01
09220000,WY,USGS,EF of Smiths Fork nr Robertson,8470,41.05411,-110.39849,Uinta,140401070202,Gilbert Creek,1889-07-01,2100-01-01
10189000,UT,USGS,EF Sevier R nr Kingston,6160,38.19637,-112.14770,Piute,160300020507,East Fork Sevier River Outlet,1913-01-01,2100-01-01
09242500,CO,USGS,Elk R nr Milner,6590,40.51470,-106.95394,Routt,140500010306,Hot Springs Creek-Elk River,1904-10-01,2100-01-01
09246200,CO,USGS,Elkhead Ck ab Long Gulch,6405,40.59167,-107.32028,Routt,140500010606,Elkhead Reservoir-Elkhead Creek,1889-11-01,2100-01-01
12045500,WA,USGS,Elwha at Mcdonald Bridge,200,48.05000,-123.56667,Clallam,171100200512,Hughes Creek-Elwha River,1897-10-01,2100-01-01
08279000,NM,USGS,Embudo Ck at Dixon,5859,36.21086,-105.91363,Rio Arriba,130201010909,Arroyo la Mina-Embudo Creek,1923-10-01,2100-01-01
10172000,UT,USGS,Emigration Ck nr SLC,4870,40.74995,-111.81327,Salt Lake,160202040306,Red Butte Creek-Emigration Creek,1949-10-01,2100-01-01
06625000,WY,USGS,Encampment R nr Encampment,6970,41.30330,-106.71531,Carbon,101800020408,West Cottonwood Creek-Encampment River,1940-10-01,2100-01-01
06041000,MT,USGS,Ennis Lake Inflow,4689,45.49021,-111.63414,Madison,100200071501,Bear Trap Creek-Madison River,1901-10-01,2100-01-01
12452800,WA,USGS,Entiat R nr Ardenvoir,1561,47.81846,-120.42314,Chelan,170200100207,Potato Creek-Entiat River,1957-01-01,2100-01-01
13047600,ID,USGS,Falls R nr Ashton,5390,44.05611,-111.35861,Fremont,170402030304,Squirrel Creek,1939-10-01,2100-01-01
09326500,UT,USGS,Ferron Ck Upper Station nr Ferron,6210,39.10414,-111.21656,Emery,140600090303,Millsite Reservoir-Ferron Creek,1911-10-01,2100-01-01
09310500,UT,USGS,Fish Ck ab Reservoir nr Scofield,7670,39.77444,-111.19028,Carbon,140600070205,Pontown Creek-Fish Creek,1889-11-01,2100-01-01
09234400,UT,BOR,Flaming Gorge Reservoir,6050,40.91504,-109.42239,Daggett,140401060805,Pine Creek-Green River,1962-11-01,2100-01-01
09234300,UT,USGS,Flaming Gorge Resvr Local bl Fontenelle,5594,40.90829,-109.42291,Daggett,140401060805,Pine Creek-Green River,1962-11-01,2100-01-01
12363000,MT,USGS,Flathead R at Columbia Falls,2978,48.36191,-114.18485,Flathead,170102080203,Mount Creek,1922-01-01,2100-01-01
12372000,MT,USGS,Flathead R nr Polson,2693,47.68022,-114.24679,Lake,170102120301,Weythman Gulch,1907-01-01,2100-01-01
12330100,MT,USGS,Flint Ck bl Boulder Ck,4700,46.48917,-113.23611,Granite,170102020502,Lower Flint Creek-Gird Creek,1941-09-01,2100-01-01
12325500,MT,USGS,Flint Ck nr Southern Cross,5630,46.23298,-113.29978,Granite,170102020105,Flint Creek,1940-10-01,2100-01-01
09363100,CO,USGS,Florida R bl Lemon Reservoir nr Durango,7920,37.37917,-107.66111,La Plata,140801040704,Red Creek-Florida River,1956-10-01,2100-01-01
09211150,WY,BOR,Fontenelle,6506,42.02727,-110.06984,Lincoln,140401011305,Middle Fontenelle Creek,1963-08-01,2100-01-01
14186600,OR,BOR,Foster,641,44.41576,-122.66978,Linn,170900060402,Middle Santiam River-Foster Reservoir,1966-10-01,2100-01-01
14186600,OR,USGS,Foster Lake Inflow,600,44.41667,-122.67361,Linn,170900060801,Ames Creek-South Santiam River,1935-10-01,2100-01-01
09080190,CO,USGS,Frying Pan R at Ruedi,7766,39.36139,-106.81861,Pitkin,140100040505,Ruedi Reservoir,1974-01-01,2100-01-01
10348850,NV,USGS,Galena Ck at Galena Ck State Pk,6320,39.35444,-119.85750,Washoe,160501020303,Galena Creek,1900-01-01,2100-01-01
06052500,MT,USGS,Gallatin R at Logan,4086,45.88521,-111.43830,Gallatin,100200081403,Cottonwood Gulch-Gallatin River,1893-10-01,2100-01-01
06043500,MT,USGS,Gallatin R nr Gateway,5168,45.49743,-111.27051,Gallatin,100200080507,Logger Creek-Gallatin River,1889-08-01,2100-01-01
08380500,NM,USGS,Gallinas Ck nr Montezuma,6880,35.65199,-105.31883,San Miguel,130600010805,Arroyo Pecos-Gallinas River,1926-01-01,2100-01-01
11483400,OR,BOR,Gerber,4842,42.20169,-121.12952,Klamath,180102040508,Gerber Reservoir,1938-10-01,2100-01-01
11483400,OR,USGS,Gerber Reservoir Inflow,4835,42.20292,-121.12737,Klamath,180102040508,Gerber Reservoir,1904-01-01,2100-01-01
06078600,MT,USGS,Gibson Reservoir Inflow,4786,47.64078,-112.86032,Lewis and Clark,100301040111,Lower North Fork Sun River,1942-10-01,2100-01-01
09430500,NM,USGS,Gila R at Gila,4655,33.06150,-108.53739,Grant,150400010907,Mogollon Creek-Gila River,1927-12-01,2100-01-01
09432000,NM,USGS,Gila R bl Blue Ck nr Virden,3875,32.64813,-108.84589,Grant,150400020702,Cottonwood Canyon-Gila River,1914-01-01,2100-01-01
09469499,AZ,USGS,Gila R bl Coolidge Dam,2309,33.16951,-110.53121,Pinal,150501000104,Jerusalem Canyon-Gila River,1889-07-01,2100-01-01
09448500,AZ,USGS,Gila R nr Solomon,3060,32.86840,-109.51119,Graham,150400050503,Dry Canyon-Gila River,1920-10-01,2100-01-01
13082500,ID,USGS,Goose Ck abv Trapper Ck nr Oakley,4770,42.12611,-113.93556,Cassia,170402110304,Cave Creek Reservoir-Goose Creek,1911-04-29,2100-01-01
13333000,OR,USGS,Grande Ronde R at Troy,1586,45.94570,-117.45101,Wallowa,170601060703,Squaw Canyon-Grande Ronde River,1944-10-01,2100-01-01
07095000,CO,USGS,Grape Ck nr Westcliffe,7690,38.18611,-105.48361,Custer,110200011213,Deweese Reservoir,1925-04-01,2100-01-01
14186100,OR,BOR,Green Peter,1015,44.45017,-122.54842,Linn,170900060307,Lower Green Peter Lake,1966-10-01,2100-01-01
14186100,OR,USGS,Green Peter Lake Inflow,750,44.44818,-122.55036,Linn,170900060402,Middle Santiam River-Foster Reservoir,1934-10-01,2100-01-01
09234400,UT,USGS,Green R at Flaming Gorge Dam,5594,40.90829,-109.42291,Daggett,140401060805,Pine Creek-Green River,1939-10-01,2100-01-01
09211150,WY,USGS,Green R at Fontenelle Dam,6506,42.02778,-110.06667,Lincoln,140401011305,Middle Fontenelle Creek,1957-10-01,2100-01-01
09315000,UT,USGS,"Green R at Green River, UT",4040,38.98608,-110.15125,Emery,140600080208,Gunnison Valley-Green River,1894-10-01,2100-01-01
09188500,WY,USGS,Green R at Warren Bridge,7468,43.01883,-110.11822,Sublette,140401010306,Big Twin Creek-Green River,1931-10-01,2100-01-01
12105900,WA,USGS,Green R bl Howard A Hanson Dam,990,47.28371,-121.79789,King,171100130204,Bear Creek-Green River,1934-10-01,2100-01-01
09217000,WY,USGS,"Green R nr Green River, WY",6060,41.51635,-109.44902,Sweetwater,140401060101,Middle Firehole Canyon-Green River,1951-10-01,2100-01-01
06276500,WY,USGS,Greybull R at Meeteetse,5739,44.15551,-108.87708,Park,100800090304,Meeteetse Creek,1920-10-01,2100-01-01
13023000,WY,USGS,Greys R ab Reservoir nr Alpine,5729,43.14306,-110.97694,Lincoln,170401030411,Squaw Creek-Greys River,1917-07-06,2100-01-01
15200280,AK,USGS,Gulkana R at Sourdough,1846,62.52039,-145.53302,Valdez-Cordova,190201020604,Boulder Lake-Gulkana River,1972-10-01,2100-01-01
09124800,CO,USGS,Gunnison R at Blue Mesa Dam,7149,38.45333,-107.33361,Gunnison,140200020706,Pine Creek Mesa-Blue Mesa Reservoir,1957-10-01,2100-01-01
09114500,CO,USGS,Gunnison R Near Gunnison,7655,38.54194,-106.94977,Gunnison,140200020204,Steers Gulch-Gunnison River,1910-10-01,2100-01-01
09152500,CO,USGS,Gunnison R nr Grand Junction,4628,38.98332,-108.45064,Mesa,140200050803,Callow Creek-Gunnison River,1896-10-01,2100-01-01
09172700,CO,USGS,Gurley Reservoir Inlet,9250,37.88989,-108.15347,San Miguel,140300030302,Headwaters Beaver Creek,1895-03-01,2100-01-01
09223000,WY,USGS,Hams Fk bl Pole Ck nr Frontier,7455,42.11049,-110.70962,Lincoln,140401070504,West Beaver Creek-Hams Fork,1952-10-01,2100-01-01
09223100,WY,USGS,Hams Fk bl Viva Naughton Reservoir,7160,41.96337,-110.66011,Lincoln,140401070507,Fish Creek-Hams Fork,1960-10-01,2100-01-01
06038500,MT,USGS,Hebgen Lake Inflow,6448,44.86659,-111.33829,Gallatin,100200070404,Earthquake Lake,1909-01-01,2100-01-01
13046000,ID,USGS,Henrys Fk nr Ashton,5090,44.06972,-111.51056,Fremont,170402030503,Snow Creek-Henrys Fork,1890-04-01,2100-01-01
13056500,ID,USGS,Henrys Fk nr Rexburg,4806,43.82583,-111.90500,Madison,170402030506,Cartier Slough-Henrys Fork,1909-04-01,2100-01-01
14145500,OR,USGS,Hills Creek Reservoir Inflow,1208,43.72096,-122.43783,Lane,170900010505,Gray Creek-Middle Fork Willamette River,1913-10-01,2100-01-01
10378500,OR,USGS,Honey Ck nr Plush,4553,42.42488,-119.92328,Lake,171200070405,Lower Honey Creek,1909-10-01,2100-01-01
14120000,OR,USGS,Hood R at Tucker Bridge,383,45.65540,-121.54841,Hood River,170701050702,Odell Creek-Hood River,1897-10-20,2100-01-01
07111000,CO,USGS,Huerfano R nr Redwing,8270,37.72778,-105.35140,Huerfano,110200060108,Manzanares Creek-Huerfano River,1923-10-01,2100-01-01
10327500,NV,USGS,Humboldt R at Comus,4360,40.99213,-117.31762,Humboldt,160401051506,Emigrant Canyon-Humboldt River,1894-10-01,2100-01-01
10322500,NV,USGS,Humboldt R at Palisade,4826,40.60742,-116.20174,Eureka,160401011206,Woodruff Creek-Humboldt river,1902-10-01,2100-01-01
10321000,NV,USGS,Humboldt R nr Carlin,4932,40.72770,-116.00924,Elko,160401011203,Tonka Creek-Humboldt River,1943-10-01,2100-01-01
10318500,NV,USGS,Humboldt R nr Elko,5142,40.93603,-115.62451,Elko,160401010804,Town of Ryndon-Humboldt River,1895-07-01,2100-01-01
10333000,NV,USGS,Humboldt R nr Imlay,4130,40.69240,-118.20431,Pershing,160401080900,Rye Patch Reservoir-Humboldt River,1935-06-01,2100-01-01
12362500,MT,USGS,Hungry Horse Reservoir Inflow,3040,48.35663,-114.03762,Flathead,170102090707,Hungry Horse Reservoir-Aurora Creek,1911-01-01,2100-01-01
09317801,UT,USGS,Huntington Ck bl Electric Lake,8400,39.59920,-111.20860,Emery,140600090102,Right Fork Huntington Creek,1971-10-01,2100-01-01
09317997,UT,USGS,Huntington Ck nr Huntington,6450,39.38524,-111.08822,Emery,140600090105,Huntington Lake-Huntington Creek,1909-01-01,2100-01-01
06049450,MT,USGS,Hyalite Reservoir Inflow,5540,45.56160,-111.07078,Gallatin,100200081001,Upper Hyalite Creek,1966-01-01,2100-01-01
12458000,WA,USGS,Icicle Ck nr Leavenworth,1450,47.54095,-120.72009,Chelan,170200110406,Lower Icicle Creek,1936-10-01,2100-01-01
14377100,OR,USGS,Illinois R nr Kerby,1199,42.23178,-123.66368,Josephine,171003110601,Kerby-Illinois River,1961-10-01,2100-01-01
13292000,OR,USGS,Imnaha R at Imnaha,1941,45.56238,-116.83432,Wallowa,170601020501,Bare Creek-Imnaha River,1928-01-01,2100-01-01
10343000,CA,USGS,Independence Lk Inflow,6940,39.45667,-120.28611,Sierra,160501020102,Independence Creek,1980-01-01,2100-01-01
11190500,CA,USGS,"Isabella Reservoir Near Isabella, CA",2595,35.63333,-118.46666,Kern,180300030105,Black Gulch-Kern River,1953-10-31,2100-01-01
1119050N,CA,USGS,"Isabella Reservoir Near Isabella, Ca Nw",2595,35.63333,-118.46666,Kern,180300030105,Black Gulch-Kern River,2004-01-01,2100-01-01
06036650,MT,USGS,Jefferson R nr Three Forks,4077,45.89771,-111.59664,Broadwater,100200050805,City of Three Forks-Jefferson River,1978-10-01,2100-01-01
06026500,MT,USGS,Jefferson R nr Twin Bridges,4560,45.61243,-112.33056,Madison,100200050102,Cottonwood Creek-Jefferson River,1940-08-01,2100-01-01
08329000,NM,USGS,Jemez R bl Jemez Canyon Dam,5096,35.39042,-106.53461,Sandoval,130202020506,Jemez Canyon Dam-Jemez River,1889-07-01,2100-01-01
08324000,NM,USGS,Jemez R nr Jemez,5622,35.66198,-106.74344,Sandoval,130202020403,Vallecita Creek-Jemez River,1936-10-01,2100-01-01
09323900,UT,BOR,Joes Valley Reservoir,6980,39.28907,-111.27023,Emery,140600090205,Straight Canyon,1965-10-01,2100-01-01
13313000,ID,USGS,Johnson Ck at Yellow Pine,4656,44.96167,-115.50000,Valley,170602080108,Porcupine Creek-Johnson Creek,1928-09-01,2100-01-01
12476000,WA,USGS,Kachess Reservoir Inflow,2188,47.26123,-121.20342,Kittitas,170300010306,Little Creek-Yakima River,1904-02-01,2100-01-01
11210950,CA,USGS,Kaweah R bl Terminus Dam CA,500,36.41412,-119.01260,Tulare,180300070902,Lake Kaweah-Kaweah River,1961-10-01,2100-01-01
1121095N,CA,USGS,Kaweah R bl Terminus Dam Ca (NWS),700,36.40000,-119.00000,Tulare,180300070902,Lake Kaweah-Kaweah River,1961-10-31,2100-01-01
12474500,WA,USGS,Keechelus Reservoir Inflow,2422,47.32122,-121.33620,Kittitas,170300010304,Stampede Creek-Yakima River,1904-02-01,2100-01-01
15258000,AK,USGS,Kenai R at Cooper Landing,420,60.49219,-149.80992,Kenai Peninsula,190203021205,Kenai Lake,1947-01-01,2100-01-01
11187000,CA,USGS,Kern R A Kernville CA,2622,35.75440,-118.42342,Kern,180300010605,Caldwell Creek-Kern River,1905-01-01,2100-01-01
12404500,WA,USGS,Kettle R nr Laurier,1426,48.98435,-118.21640,Ferry,170200021904,Sand Creek-Kettle River,1929-01-01,2100-01-01
10311100,NV,USGS,Kings Canyon Ck nr Carson City,5180,39.15380,-119.80796,Carson City,160502010505,Eagle Valley-Carson River,1916-09-01,2100-01-01
11221500,CA,USGS,Kings R bl Pine Flat Dam CA,557,36.83050,-119.33624,Fresno,180300120202,Holland Creek-Kings River,1954-01-01,2100-01-01
1122150N,CA,USGS,Kings R bl Pine Flat Dam Ca (NWS),556,36.81666,-119.33333,Fresno,180300120104,Lower Mill Creek,1954-01-31,2100-01-01
10249280,NV,USGS,Kingston Ck nr Austin,6480,39.21243,-117.11342,Lander,160600040503,Kingston Creek,1966-10-01,2100-01-01
14107000,WA,USGS,Klickitat R nr Glenwood,2720,46.26484,-121.24508,Yakima,170701060104,Swamp Creek-Klickitat River,1944-10-01,2100-01-01
14113000,WA,USGS,Klickitat R nr Pitt,289,45.75651,-121.21007,Klickitat,170701060409,Klickitat River,1909-07-01,2100-01-01
12305000,MT,USGS,Kootenai R at Leonia,1830,48.61772,-116.04741,Lincoln,170101040203,Lime Creek-Kootenai River,1928-01-01,2100-01-01
15896000,AK,USGS,Kuparuk R nr Deadhorse,0,70.28139,-148.96279,North Slope,190604011306,Outlet Kuparuk River,1971-01-01,2100-01-01
15304000,AK,USGS,Kuskokwim R at Crooked Creek,150,61.86874,-158.11378,Bethel,190305011102,Central Creek-Kuskokwim River,1951-01-01,2100-01-01
10329000,NV,USGS,L Humboldt R nr Paradise Valley,4470,41.41582,-117.37351,Humboldt,160401090704,Spring Creek-Little Humboldt River,1921-10-01,2100-01-01
10344400,CA,USGS,L Truckee R ab Boca Reservoir,5619,39.43574,-120.08437,Nevada,160501020107,Boca Reservoir-Little Truckee River,1900-09-01,2100-01-01
08238000,CO,USGS,La Jara Ck nr Capulin,8130,37.20890,-106.18836,Conejos,130100020407,130100020407,1943-03-01,2100-01-01
09365500,CO,USGS,La Plata R at Hesperus,8105,37.28972,-108.04063,La Plata,140801050102,Mayday Valley-La Plata River,1917-10-01,2100-01-01
06649000,WY,USGS,La Prele Ck nr Douglas,5600,42.68108,-105.63055,Converse,101800071203,Lower Sage Creek,1919-01-01,2100-01-01
11399000,CA,USGS,"Lake Almanor at Prattville, CA",4416,40.20000,-121.15000,Plumas,180201210404,Marian Creek-Frontal Lake Almanor,2004-01-01,2100-01-01
09124500,CO,USGS,Lake Fk at Gateview,7828,38.29888,-107.23006,Gunnison,140200020608,Yeager Gulch-Lake Fork,1937-10-01,2100-01-01
09289500,UT,USGS,Lake Fk R ab Moon Lk nr Mountain Home,8180,40.60661,-110.52711,Duchesne,140600030604,Brown Duck Creek-Lake Fork River,1933-05-01,2100-01-01
09291000,UT,USGS,Lake Fk R bl Moon Lk nr Mountain Home,7970,40.55634,-110.48461,Duchesne,140600030605,Petty Creek-Lake Fork River,1921-10-01,2100-01-01
13240000,ID,USGS,Lake Fork Payette R nr Mccall,5140,44.91361,-115.99722,Valley,170501230203,Little Payette Lake,1945-10-01,2100-01-01
09400910,AZ,USGS,Lake Mary Reservoir Inflow,6800,35.12139,-111.59222,Coconino,150200150204,Cherry Canyon-Walnut Creek,1948-05-01,2100-01-01
1126950N,CA,USGS,"Lake Mcclure at Exchequer, Ca (NWS)",440,37.58333,-120.26666,Mariposa,180400080604,Lake McClure-Merced River,2004-01-01,2100-01-01
09379900,AZ,BOR,Lake Powell,3700,36.93816,-111.48450,Coconino,140700061008,Glen Canyon Dam-Lake Powell,1963-06-01,2100-01-01
06330000,MT,USGS,Lake Sakakawea Inflow,1830,48.10808,-103.71464,Richland,101101010303,Sloulin International Airport,1928-10-01,2100-01-01
05016000,MT,USGS,Lake Sherburne Inflow,4730,48.83026,-113.51732,Glacier,090400010203,Swiftcurrent Creek,1912-01-01,2100-01-01
10337000,CA,BOR,Lake Tahoe,6220,39.16727,-120.14332,Placer,160501010403,Ward Creek-Frontal Lake Tahoe,1957-09-01,2100-01-01
150017,CA,USGS,Lake Tahoe Net Inflow,6220,39.16727,-120.14300,Placer,160501010403,Ward Creek-Frontal Lake Tahoe,1895-07-01,2100-01-01
10316500,NV,USGS,Lamoille Ck nr Lamoille,6240,40.69076,-115.47700,Elko,160401010607,Thomas Creek-Lamoille Creek,1915-05-01,2100-01-01
06659500,WY,USGS,Laramie R and Pioneer Cnl nr Woods Lndg,7389,41.13803,-105.98084,Albany,101800100306,Sodergreen Lake-Laramie River,1912-01-01,2100-01-01
10243260,NV,USGS,Lehman Ck nr Baker,6700,39.01161,-114.21444,White Pine,160203010801,Lehman Creek,1947-10-01,2100-01-01
13305000,ID,USGS,Lemhi R nr Lemhi,4960,44.94000,-113.63917,Lemhi,170602040702,Muddy Creek-Lemhi River,1938-12-01,2100-01-01
14220500,WA,USGS,Lewis R at Ariel,44,45.95178,-122.56399,Cowlitz,170800020606,Lewis River,1909-07-01,2100-01-01
12301933,MT,USGS,Libby Reservoir Inflow,2100,48.40079,-115.32072,Lincoln,170101011211,Mitchell Creek-Kootenai River,1957-10-01,2100-01-01
09174800,CO,USGS,Lilylands Reservoir Inlet,8100,37.91560,-108.33745,San Miguel,140300030401,Headwaters Naturita Creek,1901-11-01,2100-01-01
06012500,MT,USGS,Lima Reservoir Inflow,6530,44.65602,-112.37139,Beaverhead,100200011401,Lima Dam-Red Rock River,1911-01-01,2100-01-01
10105900,UT,USGS,Little Bear R at Paradise,4740,41.57549,-111.85522,Cache,160102030105,Hyrum Reservoir-Little Bear River,1938-10-01,2100-01-01
06294000,MT,USGS,Little Bighorn R nr Hardin,2882,45.73581,-107.55731,Big Horn,100800160505,Crooked Arm Coulee-Little Bighorn River,1953-01-01,2100-01-01
15511000,AK,USGS,Little Chena R nr Fairbanks,459,64.88569,-147.24965,Fairbanks North Star,190803060804,Little Chena River,1966-01-01,2100-01-01
09384000,AZ,USGS,Little Colorado R ab Lyman Lake,6010,34.31449,-109.36232,Apache,150200010409,Little Colorado River-Lyman Lake,1940-01-01,2100-01-01
10167500,UT,USGS,Little Cottonwood Ck nr SLC,5080,40.57773,-111.79799,Salt Lake,160202040202,Headwaters Little Cottonwood Canyon,1949-10-01,2100-01-01
14063000,OR,USGS,Little Deschutes R nr La Pine,4193,43.68901,-121.50280,Deschutes,170703020704,Town of Lapine-Little Deschutes River,1910-10-01,2100-01-01
06303500,WY,USGS,Little Goose Ck nr Big Horn,4860,44.59608,-107.04007,Sheridan,100901010106,Columbus Creek-Tongue River,1941-04-01,2100-01-01
06661000,WY,USGS,Little Laramie R nr Filmore,7610,41.29497,-106.03473,Albany,101800100504,Soap Holes-Laramie River,1902-01-01,2100-01-01
13118700,ID,USGS,Little Lost R bl Wet Ck nr Howe,5880,44.13861,-113.24528,Butte,170402170504,Williams Creek-Little Lost River,1958-01-01,2100-01-01
06233000,WY,USGS,Little Popo Agie R nr Lander,5436,42.71663,-108.64345,Fremont,100800030107,Lower Twin Creek,1946-01-01,2100-01-01
09257000,WY,USGS,Little Snake R nr Dixon,6331,41.02830,-107.54923,Carbon,140500030704,Hartt Cabin Draw-Sand Creek,1910-10-01,2100-01-01
09260000,CO,USGS,Little Snake R nr Lily,5685,40.54858,-108.42426,Moffat,140500031102,Thompson Draw-Little Snake River,1921-10-01,2100-01-01
09253000,CO,USGS,Little Snake R nr Slater,6830,40.99941,-107.14339,Routt,140500030110,Lower Battle Creek,1942-10-01,2100-01-01
15290000,AK,USGS,Little Susitna R nr Palmer,917,61.70974,-149.23194,Matanuska-Susitna,190205051202,Fishhook Creek-Little Susitna River,1948-07-01,2100-01-01
06235500,WY,USGS,Little Wind R nr Riverton,4902,42.99750,-108.37542,Fremont,100800020307,Ninemile Draw,1941-01-01,2100-01-01
13147900,ID,USGS,Little Wood R ab High Five Ck,5320,43.49306,-114.05722,Blaine,170402210602,Little Wood River Reservoir,1958-10-01,2100-01-01
13148500,ID,USGS,Little Wood R nr Carey,4991,43.39000,-113.99972,Blaine,170402210603,Burgess Creek-Little Wood River,1925-05-01,2100-01-01
13337000,ID,USGS,Lochsa R nr Lowell,1453,46.15083,-115.58722,Idaho,170603030708,Glade Creek-Lochsa River,1910-10-01,2100-01-01
10109000,UT,USGS,Logan R nr Logan,4680,41.74326,-111.78272,Cache,160102030307,Card Canyon-Logan River,1903-10-01,2100-01-01
14150000,OR,USGS,Lookout Point Reservoir Inflow,592,43.94568,-122.83730,Lane,170900010703,Dexter Reservoir-Middle Fork Willamette River,1946-10-01,2100-01-01
09353500,CO,USGS,Los Pinos R nr Bayfield,7583,37.38278,-107.57756,La Plata,140801011401,Red Creek-Los Pinos River,1927-10-01,2100-01-01
08248000,NM,USGS,Los Pinos R nr Ortiz,8040,36.98224,-106.07363,Rio Arriba,130100050204,City of Ortiz-Rio de Los Pinos,1915-01-01,2100-01-01
10132490,UT,USGS,Lost Ck Reservoir Inflow,6000,41.18467,-111.40048,Morgan,160201010603,Upper Lost Creek,1921-02-01,2100-01-01
14335001,OR,USGS,Lost Creek Lk Inflow,1580,42.65883,-122.69370,Jackson,171003070300,Lost Creek-Rogue River,1967-01-01,2100-01-01
10132490,UT,BOR,Lost Creek Reservoir,6020,41.18489,-111.39987,Morgan,160201010603,Upper Lost Creek,1967-04-01,2100-01-01
13330000,OR,USGS,Lostine R nr Lostine,3650,45.43876,-117.42741,Wallowa,170601050203,Silver Creek-Lostine River,1912-01-01,2100-01-01
12330900,MT,USGS,Lower Willow Ck Reservoir Inflow,4650,46.55933,-113.31439,Granite,170102020405,Lower Willow Creek-Lower Wilow Creek Reservoir,1961-01-01,2100-01-01
13214000,OR,USGS,Malheur R nr Drewsey,3479,43.78460,-118.33159,Harney,170501160701,Cottonwood Creek-Malheur River,1926-10-01,2100-01-01
10173450,UT,USGS,Mammoth Ck nr Hatch,7300,37.62276,-112.51688,Garfield,160300010204,Lower Mammoth Creek,1964-10-01,2100-01-01
09370500,CO,USGS,Mancos R nr Mancos,7235,37.35722,-108.25480,Montezuma,140801070104,Upper Mancos Valley-Mancos River,1953-11-14,2100-01-01
10215900,UT,USGS,Manti Ck bl Dugway Ck nr Manti,6500,39.25913,-111.57992,Sanpete,160300040501,Manti Canyon,1964-10-01,2100-01-01
06099500,MT,USGS,Marias R nr Shelby,3088,48.42720,-111.88974,Toole,100302030803,Williamson Park-Marias River,1902-01-01,2100-01-01
10336715,NV,USGS,Marlette Lake Inflow,7760,39.17213,-119.90796,Washoe,160501010201,Sand Harbor-Frontal Lake Tahoe,1973-10-01,2100-01-01
10329500,NV,USGS,Martin Ck nr Paradise Valley,4700,41.53462,-117.41790,Humboldt,160401090506,Wagon Wheel Creek-Martin Creek,1921-10-01,2100-01-01
150021,CA,USGS,Martis Ck Res Inflow,5745,39.32700,-120.11300,Nevada,160501020204,Martis Creek,1972-03-01,2100-01-01
10315500,NV,USGS,Marys R nr Deeth,5504,41.25270,-115.25645,Elko,160401010503,160401010503-Marys River,1943-10-01,2100-01-01
11368000,CA,USGS,Mccloud R ab Shasta Lk CA,1100,40.95821,-122.21973,Shasta,180200040501,Nosoni Creek-McCloud River,1945-10-01,2100-01-01
1136800N,CA,USGS,Mccloud R ab Shasta Lk Ca (NWS),1100,40.95000,-122.21666,Shasta,180200040501,Nosoni Creek-McCloud River,1945-10-31,2100-01-01
10352500,NV,USGS,Mcdermitt Ck nr Mcdermitt,4545,41.96656,-117.83181,Humboldt,160402010409,McConnell Canyon-Quinn River,1948-10-01,2100-01-01
14022500,OR,USGS,Mckay Ck nr Pilot Rock,1344,45.54902,-118.77443,Umatilla,170701030408,McKay Reservoir-McKay Creek,1921-01-01,2100-01-01
14158850,OR,USGS,Mckenzie R bl Trail Bridge,1980,44.26790,-122.04978,Linn,170900040206,Boulder Creek-McKenzie River,1959-10-01,2100-01-01
14162500,OR,USGS,Mckenzie R nr Vida,856,44.12485,-122.47062,Lane,170900040702,Deer Creek-McKenzie River,1910-07-01,2100-01-01
11299000,CA,USGS,"Melones Reservoir at Melones Dam, CA",614,37.95000,-120.50000,Calaveras,180400100605,Mormon Creek-Stanislaus River,2004-01-01,2100-01-01
1129900N,CA,USGS,"Melones Reservoir at Melones Dam, Ca (Nw",614,37.95000,-120.50000,Calaveras,180400100605,Mormon Creek-Stanislaus River,2004-01-01,2100-01-01
11270000,CA,USGS,Merced R A Exchequer CA,400,37.58188,-120.28019,Mariposa,180400080801,Jones Flat-Merced River,1901-04-01,2100-01-01
11266500,CA,USGS,Merced R A Pohono Bridge nr Yosemite CA,3862,37.71687,-119.66628,Mariposa,180400080304,Indian Canyon Creek-Merced River,1916-10-01,2100-01-01
1126650N,CA,USGS,Merced R A Pohono Bridge nr Yosemite CA,3861,37.71666,-119.65000,Mariposa,180400080302,Bridalveil Creek,1916-10-31,2100-01-01
12449950,WA,USGS,Methow R nr Pateros,900,48.07736,-119.98507,Okanogan,170200080709,Alta Coulee-Methow River,1942-10-01,2100-01-01
11433500,CA,USGS,Mf American R nr Auburn CA,552,38.91795,-121.01522,Placer,180201280504,Todd Creek-Middle Fork American River,1911-10-01,2100-01-01
1143350N,CA,USGS,Mf American R nr Auburn Ca (NWS),552,38.91666,-121.00000,Placer,180201280504,Todd Creek-Middle Fork American River,1911-10-31,2100-01-01
11392500,CA,USGS,"Mf Feather R nr Clio, CA",4400,39.75000,-120.58333,Plumas,180201230404,Humbug Creek-Middle Fork Feather River,1925-10-01,2100-01-01
12358500,MT,USGS,Mf Flathead R nr West Glacier,3129,48.49524,-114.01012,Flathead,170102070505,Middle Fork Flathead River-McDonald Creek,1939-10-01,2100-01-01
14044000,OR,USGS,Mf John Day R at Ritter,2545,44.88876,-119.14137,Grant,170702030503,Six Mile Creek-Middle Fork John Day River,1929-10-01,2100-01-01
06309200,WY,USGS,Mf Powder R nr Barnum,7220,43.57774,-107.13840,Washakie,100902010101,Spring Creek-Middle Fork Powder River,1961-01-01,2100-01-01
12332000,MT,USGS,Mf Rock Ck nr Philipsburg,5444,46.18465,-113.50257,Granite,170102020805,Lower Middle Fork Rock Creek,1937-10-01,2100-01-01
13309220,ID,USGS,Mf Salmon R at Mf Lodge,4380,44.72167,-115.01639,Custer,170602050903,Thomas Creek-Middle Fork Salmon River,1973-04-01,2100-01-01
11292900,CA,USGS,Mf Stanislaus R bl Beardsley Dam CA,3045,38.19325,-120.09908,Tuolumne,180400100404,Dry Meadow Creek-Middle Fork Stanislaus River,1956-12-19,2100-01-01
12374250,MT,USGS,Mill Ck ab Bassoo Ck nr Niarada,3000,47.82966,-114.69763,Sanders,170102120105,Mill Creek,1982-08-01,2100-01-01
09183500,UT,USGS,Mill Ck at Sheley Tunnel nr Moab,5500,38.48304,-109.40400,San Juan,140300050404,Horse Creek-Mill Creek,1954-10-01,2100-01-01
10170000,UT,USGS,Mill Ck nr SLC,5050,40.68884,-111.78271,Salt Lake,160202040301,Headwaters Mill Creek,1949-10-01,2100-01-01
14013000,WA,USGS,Mill Ck nr Walla Walla,2000,46.00792,-118.11856,Walla Walla,170701020202,Middle Mill Creek,1913-10-01,2100-01-01
11250100,CA,USGS,"Millerton Lake at Friant, CA",407,37.00000,-119.70000,Madera,180400061303,Millerton Lake-San Joaquin River,2004-01-01,2100-01-01
1125010N,CA,USGS,"Millerton Lake at Friant, Ca (NWS)",407,37.00000,-119.70000,Madera,180400061303,Millerton Lake-San Joaquin River,2004-01-01,2100-01-01
08477110,NM,USGS,Mimbres R at Mimbres,5920,32.85468,-107.97379,Grant,130302020105,Noonday Canyon-Mimbres River,1960-10-01,2100-01-01
12377150,MT,USGS,Mission Ck nr St. Ignatius,3460,47.32299,-113.97955,Lake,170102120503,Upper Mission Creek,1982-09-28,2100-01-01
06090800,MT,USGS,Missouri R at Fort Benton,2614,47.81747,-110.66716,Chouteau,100301021602,Fort Benton-Missouri River,1890-10-01,2100-01-01
06054500,MT,USGS,Missouri R at Toston,3906,46.14604,-111.42052,Broadwater,100301010505,City of Toston-Missouri River,1890-04-01,2100-01-01
06132000,MT,USGS,Missouri R bl Fort Peck Dam,2018,48.04418,-106.35642,McCone,100600010102,Fort Peck Dam-Missouri River,1934-01-01,2100-01-01
06115200,MT,USGS,Missouri R nr Landusky,2240,47.63082,-108.68765,Fergus,100401040708,Knox Ridge-Missouri River,1934-01-01,2100-01-01
06109500,MT,USGS,Missouri R nr Virgelle,2508,48.00497,-110.25771,Chouteau,100401010308,Rattlesnake Coulee,1935-01-01,2100-01-01
13200000,ID,USGS,Mores Ck nr Arrowrock Dam,3120,43.64806,-115.98972,Boise,170501120405,Deer Creek-Mores Creek,1950-10-01,2100-01-01
14040600,OR,USGS,Mountain Ck nr Mitchell,4240,44.53486,-120.03028,Wheeler,170702011201,Upper Mountain Creek,1966-01-01,2100-01-01
12306500,ID,USGS,Moyie R at Eastport,2620,48.99917,-116.17972,Boundary,170101050403,Copper Creek-Moyie River,1929-09-01,2100-01-01
09131400,CO,USGS,Muddy Ck bl Paonia Reservoir,6266,38.93999,-107.35811,Gunnison,140200040403,Bear Creek-North Fork Gunnison River,1901-11-01,2100-01-01
09330500,UT,USGS,Muddy Ck nr Emery,6400,38.98192,-111.24934,Emery,140700020204,Wash Rock Canyon-Muddy Creek,1910-10-01,2100-01-01
09041400,CO,USGS,Muddy Creek bl Wolford Mtn Reservoir,7380,40.10000,-106.40000,Grand,140100010709,Lower Muddy Creek,1927-02-01,2100-01-01
06120500,MT,USGS,Musselshell R at Harlowton,4171,46.42996,-109.84074,Wheatland,100402011003,Milton Creek-Musselshell River,1907-01-01,2100-01-01
06126500,MT,USGS,Musselshell R nr Roundup,3188,46.42802,-108.57264,Musselshell,100402020401,City of Roundup-Musselshell River,1946-06-01,2100-01-01
11413000,CA,USGS,N Yuba R bl Goodyears Bar CA,2453,39.52489,-120.93801,Sierra,180201250302,Cherokee Creek-North Yuba River,1930-10-01,2100-01-01
1141300N,CA,USGS,N Yuba R bl Goodyears Bar Ca (NWS),2453,39.51666,-120.93333,Sierra,180201250302,Cherokee Creek-North Yuba River,1930-10-31,2100-01-01
12494000,WA,USGS,Naches R nr Naches,1550,46.74540,-120.76924,Yakima,170300020312,Naches River,1909-03-01,2100-01-01
09344400,CO,USGS,Navajo R bl Oso Diversion Dam nr Chromo,7648,37.03028,-106.73722,Archuleta,140801010606,Weisel Flat-Navajo River,1935-01-01,2100-01-01
12335500,MT,USGS,Nevada Ck nr Helmville,4640,46.77827,-112.76754,Powell,170102030406,Upper Nevada Creek,1939-01-01,2100-01-01
09205000,WY,USGS,New Fork R nr Big Piney,6800,42.56717,-109.93015,Sublette,140401020606,Cottonwood Creek,1954-01-01,2100-01-01
11427000,CA,USGS,NF American R A North Fork Dam CA,715,38.93601,-121.02383,Placer,180201280603,Clipper Creek-North Fork American River,1941-10-01,2100-01-01
12413000,ID,USGS,NF Coeur dAlene R at Enaville,2100,47.56889,-116.25333,Shoshone,170103010705,Thomas Creek-Lower North Fork Coeur d'Alene River,1911-03-03,2100-01-01
11404500,CA,USGS,NF Feather R A Pulga CA,1305,39.79405,-121.45191,Butte,180201210803,Chino Creek-North Fork Feather River,1911-04-01,2100-01-01
1139950N,CA,USGS,NF Feather R nr Prattville Ca NWS,4390,40.16822,-121.09302,Plumas,180201210407,Clear Creek-North Fork Feather River,1906-01-31,2100-01-01
12355500,MT,USGS,NF Flathead R nr Columbia Falls,3146,48.49552,-114.12762,Flathead,170102060607,Deep Creek-North Fork Flathead River,1910-10-01,2100-01-01
09132500,CO,USGS,NF Gunnison R nr Somerset,6280,38.92582,-107.43422,Gunnison,140200040403,Bear Creek-North Fork Gunnison River,1933-10-01,2100-01-01
10317500,NV,USGS,NF Humboldt R at Devils Gate,5370,41.17875,-115.49258,Elko,160401020405,Devils Gate-North Fork Humboldt River,1913-10-01,2100-01-01
14046000,OR,USGS,NF John Day R at Monument,1960,44.81376,-119.43166,Grant,170702021003,Cupper Canyon-North Fork John Day River,1925-01-01,2100-01-01
11215000,CA,USGS,NF Kings R nr Cliff Camp CA,6143,36.99383,-118.98122,Fresno,180300100605,Rancheria Creek-North Fork Kings River,1921-10-01,2100-01-01
13217500,OR,USGS,NF Malheur R at Beulah,3261,43.90750,-118.15333,Malheur,170501161305,Curry Canyon-North Fork Malheur River,1909-01-01,2100-01-01
11316670,CA,USGS,NF Mokelumne R bl Tiger C Res nr West Pt,2220,38.44019,-120.50493,Amador,180400120405,Mill Creek-North Fork Mokelumne River,1982-10-01,2100-01-01
13245000,ID,USGS,NF Payette R at Cascade,4720,44.52489,-116.04680,Valley,170501230503,Pearsol Creek-North Fork Payette River,1941-05-01,2100-01-01
13246000,ID,USGS,NF Payette R nr Banks,3081,44.11417,-116.10722,Boise,170501230605,Howell Creek-North Fork Payette River,1947-04-21,2100-01-01
06311000,WY,USGS,NF Powder R nr Hazelton,8180,44.02774,-107.08090,Johnson,100902010302,Spring Run-Pass Creek,1946-01-01,2100-01-01
06279940,WY,USGS,NF Shoshone R at Wapiti,5580,44.46967,-109.43044,Park,100800120304,Trout Creek,1979-01-01,2100-01-01
06652800,WY,USGS,North Platte R bl Glendo Reservoir,4489,42.45691,-104.94775,Platte,101800081102,Middle Broom Creek,1957-10-01,2100-01-01
06656000,WY,USGS,North Platte R bl Guernsey Reservoir,4340,42.28052,-104.75469,Platte,101800081106,Guernsey Fish Pond-North Platte River,1901-04-01,2100-01-01
06635500,WY,USGS,North Platte R bl Seminoe Reservoir,5930,42.17829,-106.87643,Carbon,101800030402,Gooseberry Creek-Sage Creek,1905-01-01,2100-01-01
06620000,CO,USGS,North Platte R nr Northgate,7810,40.93664,-106.33919,Jackson,101800020107,Lower Douglas Creek,1904-06-01,2100-01-01
14183000,OR,USGS,North Santiam R at Mehama,602,44.78901,-122.61870,Marion,170900050601,Stout Creek-North Santiam River,1905-01-01,2100-01-01
14319500,OR,USGS,North Umpqua R at Winchester,373,43.27206,-123.41230,Douglas,171003011105,North Umpqua River,1908-10-01,2100-01-01
14209000,OR,USGS,Oak Grove Fk ab Powerplant,2100,45.07123,-121.94063,Clackamas,170900110306,Cot Creek-Oat Grove Fork Clackamas River,1909-05-01,2100-01-01
13083500,ID,BOR,Oakley Reservoir,4766,42.19565,-113.91578,Cassia,170402110304,Cave Creek Reservoir-Goose Creek,1912-10-01,2100-01-01
13083500,ID,USGS,Oakley Reservoir Inflow,4720,42.19528,-113.91500,Cassia,170402110304,Cave Creek Reservoir-Goose Creek,1911-05-01,2100-01-01
14085100,OR,BOR,Ochoco,3143,44.29830,-120.72518,Crook,170703050403,Ochoco Reservoir-Ochoco Creek,1920-01-01,2100-01-01
14085100,OR,USGS,Ochoco Reservoir Inflow,3050,44.29889,-120.72778,Crook,170703050403,Ochoco Reservoir-Ochoco Creek,1920-02-10,2100-01-01
12447200,WA,USGS,Okanogan R at Malott,784,48.28126,-119.70450,Okanogan,170200062205,Tallant Creek-Okanogan River,1958-01-01,2100-01-01
12445000,WA,USGS,Okanogan R nr Tonasket,861,48.63238,-119.46172,Okanogan,170200061808,Whitestone Coulee-Okanogan River,1929-01-01,2100-01-01
11406800,CA,USGS,Oroville Reservoir Inflow,275,39.53333,-121.46666,Butte,180201230707,East Fork Canyon Creek-Feather River,2004-01-01,2100-01-01
1140680N,CA,USGS,Oroville Reservoir Inflow (NWS),275,39.53333,-121.46666,Butte,180201230707,East Fork Canyon Creek-Feather River,2004-01-01,2100-01-01
10277400,CA,USGS,Owens R bl Tinemaha Re nr Big Pine CA,3880,37.05299,-118.22732,Inyo,180901030101,Taboose Creek-Owens River,1974-10-01,2100-01-01
13183000,OR,USGS,Owyhee R bl Owyhee Dam,2344,43.65444,-117.25583,Malheur,170501100702,Tunnel Canyon-Owyhee River,1929-02-25,2100-01-01
13174500,NV,USGS,Owyhee R nr Gold Ck,6119,41.68879,-115.84481,Elko,170501040201,Badger Creek-Owyhee River,1916-04-01,2100-01-01
13181000,OR,USGS,Owyhee R nr Rome,3344,42.86639,-117.64917,Malheur,170501070705,Rome Cliffs-Owyhee River,1949-10-01,2100-01-01
13011500,WY,USGS,Pacific Ck at Moran,6720,43.85028,-110.51778,Teton,170401010304,Berry Creek,1917-01-01,2100-01-01
06411500,SD,USGS,Pactola Reservoir Inflow,4406,44.07665,-103.48213,Pennington,101201100201,Victoria Creek-Rapid Creek,1929-05-01,2100-01-01
11320000,CA,USGS,"Pardee Reservoir Near Valley Springs, CA",458,38.25000,-120.85000,Calaveras,180400120803,Camanche Reservoir-Mokelumne River,2004-01-01,2100-01-01
1132000N,CA,USGS,"Pardee Reservoir Near Valley Springs, CA",458,38.25000,-120.85000,Calaveras,180400120803,Camanche Reservoir-Mokelumne River,2004-01-01,2100-01-01
10171500,UT,USGS,Parleys Ck nr SLC,4890,40.71661,-111.78410,Salt Lake,160202040302,Parleys Creek,1909-10-01,2100-01-01
13247500,ID,USGS,Payette R nr Horseshoe Bend,2626,43.94333,-116.19667,Boise,170501220107,Jackass Creek-Payette River,1906-10-01,2100-01-01
08382650,NM,USGS,Pecos R ab Santa Rosa Lk,4760,35.05944,-104.76111,Guadalupe,130600011111,Esteros Creek-Pecos River,1900-01-01,2100-01-01
08379500,NM,USGS,Pecos R nr Anton Chico,5130,35.17867,-105.10880,Guadalupe,130600011001,Canon Blanco-Pecos River,1910-10-01,2100-01-01
08378500,NM,USGS,Pecos R nr Pecos,7503,35.70835,-105.68270,San Miguel,130600010204,Indian Creek-Pecos River,1919-10-01,2100-01-01
12395500,ID,USGS,Pend Oreille Lake Inflow,2000,48.18213,-117.03437,Bonner,170102160201,Exposure Creek-Pend Oreille River,1903-07-01,2100-01-01
12396500,WA,USGS,Pend Oreille R bl Box Canyon,1900,48.78103,-117.41636,Pend Oreille,170102160902,Sweet Creek-Pend Oreille River,1934-10-01,2100-01-01
09349800,CO,USGS,Piedra R nr Arboles,6148,37.08834,-107.39783,Archuleta,140801020503,Navajo Reservoir-Piedra River,1957-10-01,2100-01-01
09196500,WY,USGS,Pine Ck ab Fremont Lake,7450,43.03050,-109.77015,Sublette,140401020102,Duck Creek-New Fork River,1889-07-01,2100-01-01
09337000,UT,USGS,Pine Ck nr Escalante,6400,37.86250,-111.63528,Garfield,140700050106,Lower Pine Creek,1889-11-01,2100-01-01
13290190,OR,USGS,Pine Ck nr Oxbow,1850,44.95250,-116.87417,Baker,170502010610,Lower Pine Creek,1908-10-01,2100-01-01
10139001,UT,USGS,Pineview Reservoir Inflow,4880,41.25550,-111.84105,Weber,160201020305,Pineview Reservoir-South Branch South Fork Ogden River,1937-04-01,2100-01-01
06323000,WY,USGS,Piney Ck at Kearny,4655,44.53553,-106.82228,Johnson,100902060305,Lake De Smet,1903-01-01,2100-01-01
11365000,CA,USGS,Pit R nr Montgomery Creek CA,1000,40.84321,-122.01722,Shasta,180200031301,Potem Creek-Pit River,1944-10-01,2100-01-01
1136500N,CA,USGS,Pit R nr Montgomery Creek Ca (NWS),1000,40.83333,-122.16660,Shasta,180200031203,Lower Squaw Creek,1944-10-31,2100-01-01
08245000,CO,USGS,Platoro Reservoir Inflow,9867,37.35501,-106.54420,Conejos,130100050109,Trail Creek-Conejos River,1951-10-01,2100-01-01
07207500,NM,USGS,Ponil Ck nr Cimarron,6630,36.57369,-104.94681,Colfax,110800020209,Ponil Creek,1916-01-01,2100-01-01
15388960,AK,USGS,Porcupine R nr Intl Boundary,891,67.42392,-140.89380,UNKNOWN,190801080000,19080108,1987-01-01,2100-01-01
13073000,ID,USGS,Portneuf R at Topaz,4918,42.62472,-112.08806,Bannock,170402080210,East Bob Smith Creek-Portneuf River,1913-01-01,2100-01-01
06324500,MT,USGS,Powder R at Moorehead,3351,45.05776,-105.87807,Powder River,100902070203,Buffalo Creek,1929-01-01,2100-01-01
06326500,MT,USGS,Powder R nr Locate,2385,46.43000,-105.30998,Custer,100902091105,Smith Creek-Powder River,1938-01-01,2100-01-01
13275300,OR,USGS,Powder R nr Sumpter,3898,44.67210,-117.99550,Baker,170502030201,Lake Creek-Powder River,1965-01-01,2100-01-01
09311000,UT,USGS,Price R nr Scofield Reservoir,7570,39.78691,-111.12017,Carbon,140600070206,Scofield Reservoir-Price River,1889-07-01,2100-01-01
12395000,ID,USGS,Priest R nr Priest River,2090,48.20852,-116.91464,Bonner,170102150705,Sanborn Creek-Priest River,1903-07-01,2100-01-01
14080500,OR,USGS,Prineville Reservoir Inflow,3071,44.11318,-120.79557,Crook,170703050102,Stearns Dam-Crooked River,1941-10-01,2100-01-01
12390700,MT,USGS,Prospect Ck at Thompson Falls,2382,47.58606,-115.35510,Sanders,170102130607,Lower Prospect Creek,1911-01-01,2100-01-01
10340500,CA,USGS,Prosser Ck Res Inflow,5572,39.37333,-120.13056,Nevada,160501020205,Prosser Creek,1942-10-01,2100-01-01
10155000,UT,USGS,Provo R at Hailstone,6220,40.60079,-111.33157,Wasatch,160202030204,Charcoal Canyon-Provo River,1949-10-01,2100-01-01
10154200,UT,USGS,Provo R at Woodland,6950,40.55773,-111.16878,Wasatch,160202030202,Bench Creek-Provo River,1961-04-01,2100-01-01
10159500,UT,USGS,Provo R bl Deer Ck Dam,5270,40.40329,-111.52964,Wasatch,160202030405,Deer Creek Reservoir-Provo River,1952-10-01,2100-01-01
07124500,CO,USGS,Purgatoire R at Trinidad,5980,37.17085,-104.50915,Las Animas,110200100601,Powell Arroyo-Purgatorie River,1896-10-01,2100-01-01
10336500,NV,USGS,Pyramid Lake Elevation Change,3940,39.98463,-119.50102,Washoe,160501030600,Pyramid Lake,2004-01-01,2100-01-01
07208500,NM,USGS,Rayado Ck nr Cimarron,6720,36.37234,-104.96929,Colfax,110800020306,Outlet Rayado Creek,1911-10-01,2100-01-01
06211900,MT,USGS,Red Lodge + Willow Ck nr Boyd,4248,45.43333,-109.25000,Carbon,100700060805,Farewell Creek-Clarks Fork Yellowstone River,1937-06-01,2100-01-01
08266820,NM,USGS,Red R bl Fish Hatchery nr Questa,7105,36.68284,-105.65412,Taos,130201010304,Lower Red River,1978-01-01,2100-01-01
12115500,WA,USGS,Rex R nr Cedar Falls,1700,47.35066,-121.66316,King,171100120102,Rex River,1945-10-01,2100-01-01
13172583,ID,USGS,Reynolds Ck at Tollgate,4626,43.14289,-116.76153,Owyhee,170501030602,Middle Reynolds Creek,1966-10-01,2100-01-01
14034800,OR,USGS,Rhea Ck nr Heppner,2320,45.26124,-119.62391,Morrow,170701040304,Spring Hollow Creek-Rhea Creek,1960-01-01,2100-01-01
12491500,WA,USGS,Rimrock Lake Inflow,2681,46.66262,-121.12480,Yakima,170300020306,Middle Tieton River,1909-03-01,2100-01-01
09343300,CO,USGS,Rio Blanco bl Blanco Diversion,7858,37.20361,-106.81222,Archuleta,140801010304,Middle Rio Blanco,1935-01-01,2100-01-01
08285500,NM,USGS,Rio Chama bl El Vado Dam,6696,36.58038,-106.72477,Rio Arriba,130201020707,Arroyo del Puerto Chiquito-Rio Chama,1935-10-30,2100-01-01
08313000,NM,USGS,Rio Grande at Otowi Bridge,5488,35.87450,-106.14244,Santa Fe,130201011304,Los Alamos Canyon-Rio Grande,1895-02-01,2100-01-01
08358400,NM,USGS,Rio Grande at San Marcial,4455,33.67908,-106.99700,Socorro,130202110304,Milligan Gulch-Rio Grande,1947-10-01,2100-01-01
08213500,CO,USGS,Rio Grande at Thirty Mile Bridge,9300,37.72472,-107.25561,Hinsdale,130100010304,Texas Creek-Rio Grande,1909-06-01,2100-01-01
08217500,CO,USGS,Rio Grande at Wagon Wheel Gap,8430,37.76695,-106.83143,Mineral,130100011006,Farmers Creek-Rio Grande,1951-05-01,2100-01-01
08220000,CO,USGS,Rio Grande nr Del Norte,7980,37.68945,-106.46115,Rio Grande,130100011306,Bowen Creek-Rio Grande,1890-01-01,2100-01-01
08251500,CO,USGS,Rio Grande nr Lobatos,7428,37.07861,-105.75694,Conejos,130100021102,130100021102,1894-12-01,2100-01-01
08267500,NM,USGS,Rio Hondo nr Valdez,7650,36.54180,-105.55652,Taos,130201010702,Outlet Arroyo Hondo,1934-10-01,2100-01-01
08271000,NM,USGS,Rio Lucero nr Arroyo Seco,8051,36.50829,-105.53096,Taos,130201010603,Rita del Gato,1913-01-01,2100-01-01
08294210,NM,USGS,Rio Nambe bl Nambe Falls Dam nr Nambe,6840,35.84611,-105.90972,Santa Fe,130201011201,Rio Nambe,1935-01-01,2100-01-01
09386900,NM,USGS,Rio Nutria nr Ramah,6860,35.28255,-108.55298,McKinley,150200040203,Middle Rio Nutria,1969-10-01,2100-01-01
08276300,NM,USGS,Rio Pueblo De Taos bl Los Cordovas,6650,36.37933,-105.66783,Taos,130201010607,Arroyo del Alameda-Rio Pueblo de Taos,1957-04-01,2100-01-01
08269000,NM,USGS,Rio Pueblo De Taos nr Taos,7380,36.43944,-105.50361,Taos,130201010605,Rio Fernando del Taos-Rio Pueblo del Taos,1913-01-01,2100-01-01
08387000,NM,USGS,Rio Ruidoso at Hollywood,6420,33.32669,-105.62533,Lincoln,130600080106,Middle Rio Ruidoso,1953-10-01,2100-01-01
09085000,CO,USGS,Roaring Fk at Glenwood Springs,5721,39.54359,-107.32950,Garfield,140100041003,Outlet Roaring Fork River,1906-04-01,2100-01-01
06632400,WY,USGS,Rock Ck ab King Canyon Cnl nr Arlington,7790,41.58525,-106.22279,Carbon,101800040104,Mill Creek,1954-10-01,2100-01-01
09277800,UT,USGS,Rock Ck at Upper Stillwater Dam,7968,40.55745,-110.69794,Duchesne,140600030305,Cabin Creek-Rock Creek,1965-10-01,2100-01-01
10324500,NV,USGS,Rock Ck nr Battle Mountain,4670,40.83041,-116.58834,Eureka,160401060507,White Horse Spring-Rock Creek,1918-04-01,2100-01-01
06320000,WY,USGS,Rock Ck nr Buffalo,5280,44.45608,-106.87895,Johnson,100902060201,South Rock Creek,1945-01-01,2100-01-01
12334510,MT,USGS,Rock Ck nr Clinton,3519,46.72243,-113.68315,Missoula,170102021306,Gilbert Creek,1972-10-01,2100-01-01
09279000,UT,USGS,Rock Ck nr Mountain Home,7250,40.49328,-110.57822,Duchesne,140600030306,Corral Creek-Rock Creek,1889-07-01,2100-01-01
10129500,UT,USGS,Rockport Reservoir Inflow,5900,40.79273,-111.40492,Summit,160201010404,Rockport Lake-Weber River,1938-10-01,2100-01-01
14361500,OR,USGS,Rogue R at Grants Pass,884,42.43040,-123.31784,Josephine,171003080402,Gilbert Creek-Rogue River,1938-10-01,2100-01-01
14359000,OR,USGS,Rogue R at Raygold,1122,42.43735,-122.98727,Jackson,171003080202,Whetstone Creek-Rogue River,1905-01-01,2100-01-01
06019500,MT,USGS,Ruby R Reservoir Inflow,5400,45.19242,-112.14249,Madison,100200030308,Puller Hot Springs-Ruby River,1938-01-01,2100-01-01
10172800,UT,USGS,S Willow Ck nr Grantsville,6360,40.49633,-112.57440,Tooele,160203040503,South Willow Creek-Frontal Great Salt Lake,1962-10-01,2100-01-01
11414250,CA,USGS,S Yuba R A Langs Crossing nr Emigrant GA,4432,39.31851,-120.65771,Nevada,180201250604,Fall Creek-South Yuba River,1965-12-01,2100-01-01
11342000,CA,USGS,Sacramento R A Delta CA,1075,40.93959,-122.41724,Shasta,180200050402,Charlie Creek-Sacramento River,1944-10-01,2100-01-01
1134200N,CA,USGS,Sacramento R A Delta Ca (NWS),1075,40.93333,-122.41666,Shasta,180200050402,Charlie Creek-Sacramento River,1944-10-31,2100-01-01
1137710N,CA,USGS,Sacramento R ab Bend Bridge nr Red Bluff,286,40.28333,-122.18333,Tehama,180201550402,Spring Creek-Sacramento River,1891-10-31,2100-01-01
11377100,CA,USGS,Sacramento R ab Bend Bridge nr Red Bluff,286,40.28849,-122.18666,Tehama,180201550402,Spring Creek-Sacramento River,1891-10-01,2100-01-01
15908000,AK,USGS,Sagavanirktok R nr Pump Station 3,1150,69.01465,-148.82003,UNKNOWN,190604020804,190604020804-Sagavanirktok River,1982-01-01,2100-01-01
10343500,CA,USGS,Sagehen Ck nr Truckee,6320,39.43157,-120.23798,Nevada,160501020104,Sagehen Creek,1953-10-01,2100-01-01
08227000,CO,USGS,Saguache Ck nr Saguache,8030,38.16333,-106.29058,Saguache,130100040702,130100040702,1910-08-01,2100-01-01
15484000,AK,USGS,Salcha R nr Salchaket,632,64.47236,-146.92627,Fairbanks North Star,190803050807,Harding Lake-Salcha River,1948-10-01,2100-01-01
10205030,UT,USGS,Salina Ck nr Emery,7000,38.91191,-111.53047,Sevier,160300030402,Skumpah Creek-Salina Creek,1963-10-01,2100-01-01
13105000,NV,USGS,Salmon Falls Ck nr San Jacinto,5120,41.94472,-114.68861,Elko,170402130605,San Jacinto Ranch Spring-Salmon Falls Creek,1910-01-01,2100-01-01
13302500,ID,USGS,Salmon R at Salmon,3911,45.18361,-113.89528,Lemhi,170602030403,Perreau Creek-Salmon River,1912-10-01,2100-01-01
13317000,ID,USGS,Salmon R at White Bird,1413,45.75028,-116.32389,Idaho,170602090504,Sotin Creek-Salmon River,1910-09-01,2100-01-01
10146000,UT,USGS,Salt Ck at Nephi,5280,39.71301,-111.80438,Juab,160202010105,Footes Canyon-Salt Creek,1950-10-01,2100-01-01
13027500,WY,USGS,Salt R ab Reservoir nr Etna,5676,43.07972,-111.03722,Lincoln,170401050309,Salt River-Dry Creek,1953-10-01,2100-01-01
09498500,AZ,USGS,Salt R nr Roosevelt,2177,33.61944,-110.92083,Gila,150601030905,Meddler Wash-Salt River,1913-10-01,2100-01-01
08247500,NM,USGS,San Antonio R at Ortiz,7970,36.99307,-106.03863,Rio Arriba,130100050302,Canada de Los Ranchos-Rio San Antonio,1919-10-01,2100-01-01
09444500,AZ,USGS,San Francisco R at Clifton,3436,33.04951,-109.29590,Greenlee,150400040905,Silver Basin Creek-San Francisco River,1910-10-01,2100-01-01
09444000,NM,USGS,San Francisco R at Glenwood,4560,33.24717,-108.88000,Catron,150400040807,Big Pine Canyon-San Francisco River,1927-10-01,2100-01-01
09379500,UT,USGS,San Juan R Near Bluff,4048,37.14695,-109.86484,San Juan,140802050406,The Goose Necks-San Juan River,1914-10-30,2100-01-01
09355200,NM,USGS,San Juan R nr Archuleta,5653,36.80189,-107.69864,San Juan,140801011901,Pump Canyon-San Juan River,1947-10-01,2100-01-01
09346400,CO,USGS,San Juan R nr Carracas,6090,37.01362,-107.31227,Archuleta,140801010803,San Juan River-Navajo Reservoir,1961-10-01,2100-01-01
09172500,CO,USGS,San Miguel R nr Placerville,7030,38.04250,-108.13333,San Miguel,140300030305,Specie Creek-San Miguel River,1910-10-01,2100-01-01
14137000,OR,USGS,Sandy R nr Marmot,720,45.39956,-122.13731,Clackamas,170800010402,Cedar Creek-Sandy River,1911-01-01,2100-01-01
08241500,CO,USGS,Sangre De Cristo Ck,7900,37.42501,-105.41501,Costilla,130100020605,Cottonwood Creek-Sangre de Cristo Creek,1916-04-01,2100-01-01
09408400,UT,USGS,Santa Clara R nr Pine Valley,6640,37.38331,-113.48329,Washington,150100080702,Headwaters Santa Clara River,1959-08-01,2100-01-01
08291000,NM,USGS,Santa Cruz R at Cundiyo,6460,35.96472,-105.90472,Santa Fe,130201011004,Santa Cruz Reservoir-Santa Cruz River,1932-10-01,2100-01-01
08316000,NM,USGS,Santa Fe R nr Santa Fe,7720,35.68644,-105.84361,Santa Fe,130202010102,Headwaters Santa Fe River,1913-02-01,2100-01-01
09311000,UT,BOR,Scofield Reservoir,7650,39.78704,-111.12046,Carbon,140600070206,Scofield Reservoir-Price River,1941-10-01,2100-01-01
1151950N,CA,USGS,Scott R nr Fort Jones CA,2640,41.64059,-123.01504,Siskiyou,180102080504,Sniktaw Creek-Scott River,1941-10-31,2100-01-01
09323900,UT,USGS,Seely Ck bl Joes Valley Resv,6850,39.28889,-111.26944,Emery,140600090205,Straight Canyon,1889-07-01,2100-01-01
13336500,ID,USGS,Selway R nr Lowell,1540,46.08667,-115.51389,Idaho,170603020403,Rackliff Creek-Selway River,1911-04-11,2100-01-01
06635500,WY,BOR,Seminoe,6190,42.15558,-106.90878,Carbon,101800030208,Cottonwood Creek-North Platte River,1939-02-01,2100-01-01
09329050,UT,USGS,Seven Mile Ck nr Fish Lake,9200,38.62778,-111.64722,Sevier,140700030103,Sevenmile Creek,1964-10-01,2100-01-01
10174500,UT,USGS,Sevier R at Hatch,6870,37.65109,-112.43021,Garfield,160300010303,Big Hollow-Sevier River,1911-06-01,2100-01-01
10191500,UT,USGS,Sevier R bl Piute Dam,5920,38.32803,-112.18770,Piute,160300010608,Piute Reservoir,1911-01-01,2100-01-01
10217000,UT,USGS,Sevier R nr Gunnison,5025,39.15524,-111.87771,Sanpete,160300030606,Pickett Canyon-Sevier River,1912-10-01,2100-01-01
10183500,UT,USGS,Sevier R nr Kingston,5980,38.20609,-112.20770,Piute,160300010606,Burnt Hollow-Sevier River,1914-01-01,2100-01-01
13190500,ID,USGS,SF Boise R at Anderson Ranch Dam,3830,43.34361,-115.47750,Elmore,170501130901,Cayuse Creek-South Fork Boise River,1943-04-08,2100-01-01
11396350,CA,USGS,SF Feather R A Ponderosa Dam CA,920,39.54767,-121.30413,Butte,180201230604,Oroleve Creek-South Fork Feather River,1962-07-01,2100-01-01
12359800,MT,USGS,SF Flathead R nr Hungry Horse,3575,47.97910,-113.56068,Flathead,170102090509,Middle Fork Flathead River-Tin Creek,1964-10-01,2100-01-01
10320000,NV,USGS,SF Humboldt R ab Dixie Ck,5140,40.68492,-115.81340,Elko,160401030904,Cherry Spring-South Fork Humboldt River,1948-10-01,2100-01-01
12381400,MT,USGS,SF Jocko R nr Arlee,3970,47.19549,-113.85065,Lake,170102120703,Upper Jocko River,1982-09-28,2100-01-01
06118500,MT,USGS,SF Musselshell R ab Martinsdale,4900,46.45328,-110.38214,Meagher,100402010210,Lower South Fork Musselshell River,1941-10-01,2100-01-01
10137500,UT,USGS,SF Ogden R nr Huntsville,5190,41.26855,-111.67410,Weber,160201020205,North Branch South Fork Ogden River,1921-03-01,2100-01-01
13235000,ID,USGS,SF Payette R at Lowman,3790,44.08528,-115.62222,Boise,170501200306,Kirkham Creek-South Fork Payette River,1941-06-01,2100-01-01
08219500,CO,USGS,SF Rio Grande at South Fork,8222,37.65695,-106.64921,Rio Grande,130100011106,Outlet South Fork Rio Grande,1910-08-01,2100-01-01
13310700,ID,USGS,SF Salmon R nr Krassel Ranger Station,3750,44.98694,-115.72500,Valley,170602080412,Camp Creek-South Fork Salmon River,1966-10-01,2100-01-01
11230215,CA,USGS,SF San Joaquin R L Hooper C nr Florence,6949,37.30966,-118.92606,Fresno,180400060206,Camp Sixty One Creek-South Fork San Joaquin River,1975-10-01,2100-01-01
06281000,WY,USGS,SF Shoshone R ab Buffalo Bill Reservoir,5440,44.41912,-109.25793,Park,100800130302,Bear Creek-South Fork Shoshone River,1903-05-01,2100-01-01
06280300,WY,USGS,SF Shoshone R nr Valley,6200,44.20828,-109.55489,Park,100800130205,Ishawooa Creek,1956-10-01,2100-01-01
12147600,WA,USGS,SF Tolt R nr Index,1850,47.70677,-121.60011,King,171100100503,Upper South Fork Tolt River,1959-10-01,2100-01-01
14010000,OR,USGS,SF Walla Walla R nr Milton-Freewater,2050,45.82986,-118.16995,Umatilla,170701020103,Lower South Fork Walla Walla River,1903-02-01,2100-01-01
11370000,CA,USGS,"Shasta Lake Inflow, CA",600,40.71757,-122.41999,Shasta,180201540302,Sulphur Creek-Sacramento River,1979-08-14,2100-01-01
1137000N,CA,USGS,"Shasta Lake Inflow, Ca NWS",600,40.71757,-122.41999,Shasta,180201540302,Sulphur Creek-Sacramento River,1979-08-14,2100-01-01
06077000,MT,USGS,Sheep Ck nr White Sulphur Springs,5820,46.76802,-110.80994,Meagher,100301030401,Headwaters Sheep Creek,1941-01-01,2100-01-01
06278500,WY,USGS,Shell Ck nr Shell,4370,44.56496,-107.71287,Big Horn,100800100107,Horse Creek,1940-10-01,2100-01-01
06195600,MT,USGS,Shields R nr Livingston,4420,45.73827,-110.47993,Park,100700030507,Crazyhead Creek-Shields River,1978-01-01,2100-01-01
15276000,AK,USGS,Ship Ck nr Anchorage,490,61.22501,-149.63720,Anchorage,190204010404,Outlet Ship Creek,1946-10-01,2100-01-01
1144100N,CA,USGS,Silver C A Union Valley Ca (NWS),4530,38.86518,-120.42742,El Dorado,180201290203,Union Valley Reservoir-Silver Creek,1924-10-31,2100-01-01
11441900,CA,USGS,Silver C bl Camino Div Dam CA,2754,38.82379,-120.53937,El Dorado,180201290205,Little Silver Creek-Silver Creek,1960-10-01,2100-01-01
1144190N,CA,USGS,Silver C bl Camino Div Dam Ca (NWS),2754,38.81666,-120.53333,El Dorado,180201290205,Little Silver Creek-Silver Creek,1960-10-31,2100-01-01
10393500,OR,USGS,Silvies R nr Burns,4195,43.71515,-119.17744,Harney,171200020701,Thousand Spring Creek-Silvies River,1903-01-01,2100-01-01
12442500,WA,USGS,Similkameen R nr Nighthawk,1138,48.98460,-119.61841,Okanogan,170200072009,Ellemeham Draw-Similkameen River,1928-10-01,2100-01-01
12178000,WA,USGS,Skagit R at Newhalem,402,48.67179,-121.24623,Whatcom,171100050708,Ladder Creek-Skagit River,1908-12-21,2100-01-01
09111500,CO,USGS,Slate R nr Crested Butte,8820,38.86971,-106.96949,Gunnison,140200010206,Washington Gulch-Slate River,1889-07-01,2100-01-01
10128000,UT,USGS,Smith and Morehouse Ck nr Oakley,7380,40.78578,-111.11240,Summit,160201010202,Smith and Morehouse Creek,1946-10-01,2100-01-01
10128000,UT,BOR,Smith And Morehouse Reservoir,7633,40.76202,-111.10338,Summit,160201010202,Smith and Morehouse Creek,1988-10-01,2100-01-01
06077200,MT,USGS,Smith R bl Eagle Ck,4350,46.82800,-111.19217,Meagher,100301030705,Blacktail Creek-Smith River,1996-10-01,2100-01-01
10032000,WY,USGS,Smiths Fk nr Border,6650,42.29327,-110.87241,Lincoln,160101020105,Bear River-Taylor Creek,1942-01-01,2100-01-01
13022500,WY,USGS,Snake R ab Reservoir nr Alpine,5730,43.19611,-110.88944,Lincoln,170401030509,Upper Little Greys River,1937-03-16,2100-01-01
13010065,WY,USGS,Snake R at Flagg Ranch,6802,44.09889,-110.66750,Teton,170401010402,Upper Pacific Creek,1983-10-01,2100-01-01
13077000,ID,USGS,Snake R at Neeley,4242,42.76750,-112.87944,Power,170402090301,Ferry Hollow-Snake River,1907-01-01,2100-01-01
13343600,WA,USGS,Snake R bl Lower Granite Dam-NWS,675,46.66766,-117.44491,Garfield,170601070802,Long Hollow-Snake River,1960-10-01,2100-01-01
13037500,ID,USGS,Snake R nr Heise,5015,43.61250,-111.66000,Bonneville,170402010102,Kelly Canyon-Snake River,1910-10-01,2100-01-01
13032500,ID,USGS,Snake R nr Irwin,5353,43.35083,-111.21889,Bonneville,170401040701,Upper Fall Creek,1935-01-01,2100-01-01
13011000,WY,USGS,Snake R nr Moran,6760,43.85833,-110.58583,Teton,170401010409,Lower Jackson Lake,1903-10-01,2100-01-01
06729500,CO,USGS,South Boulder Ck nr Eldorado Springs,6080,39.93110,-105.29582,Boulder,101900050504,Lower South Boulder Creek,1896-01-01,2100-01-01
09378170,UT,USGS,South Ck ab Resv nr Monticello,7170,37.83333,-109.36667,San Juan,140802030105,Halfway Hollow-Montezuma Creek,1985-10-01,2100-01-01
12375900,MT,USGS,South Crow Ck nr Ronan,3320,47.49160,-114.02677,Lake,170102120601,Upper Crow Creek,1982-09-29,2100-01-01
06694920,CO,USGS,South Platte R ab Spinney Res,8695,38.99749,-105.68167,Park,101900010306,Spinney Mountain Reservoir,1946-10-01,2100-01-01
06707500,CO,USGS,South Platte R at South Platte,6078,39.40916,-105.16999,Jefferson,101900020701,South Platte Canyon,1896-01-01,2100-01-01
06694650,CO,USGS,South Platte R bl Antero Reservoir,8950,38.99317,-105.89501,Park,101900010210,101900010210,1946-10-01,2100-01-01
06701000,CO,USGS,South Platte R bl Cheesman Lk,6609,39.20916,-105.26777,Jefferson,101900020406,Fourmile Creek-South Platte River,1924-10-01,2100-01-01
06695500,CO,USGS,South Platte R nr Lake George,8458,38.90528,-105.47278,Park,101900010605,Elevenmile Canyon,1929-10-01,2100-01-01
14187500,OR,USGS,South Santiam R at Waterloo,370,44.49846,-122.82342,Linn,170900060803,Vail Creek-South Santiam River,1905-01-01,2100-01-01
14308000,OR,USGS,South Umpqua R at Tiller,992,42.93040,-122.94839,Douglas,171003020306,Dompier Creek-South Umpqua River,1910-10-01,2100-01-01
14312000,OR,USGS,South Umpqua R nr Brockway,463,43.13317,-123.39841,Douglas,171003021305,Newton Creek-South Umpqua River,1905-12-01,2100-01-01
10150500,UT,USGS,Spanish Fk at Castilla,4870,40.04968,-111.54797,Utah,160202020502,Middle Spanish Fork Creek,1919-05-01,2100-01-01
12433000,WA,USGS,Spokane R at Long Lake,1299,47.83655,-117.84135,Lincoln,170103070107,Long Lake South-Spokane River,1939-04-01,2100-01-01
12419000,ID,USGS,Spokane R nr Post Falls,2003,47.70306,-116.97778,Kootenai,170103050304,Cable Creek-Spokane River,1913-01-01,2100-01-01
11501000,OR,USGS,Sprague R nr Chiloquin,4202,42.58458,-121.84974,Klamath,180102020715,Crystal Castle Spring-Sprague River,1920-01-01,2100-01-01
12414500,ID,USGS,St. Joe R at Calder,2172,47.27464,-116.18905,Shoshone,170103040605,Hugus Creek-St Joe River,1911-01-01,2100-01-01
05020500,MT,USGS,St. Mary R at Intl Boundary,4116,49.01194,-113.29917,Glacier,090400010701,Coal Mine Coulee-Saint Mary River,1902-09-01,2100-01-01
05017500,MT,USGS,St. Mary R nr Babb,4468,48.83331,-113.41982,Glacier,090400010404,Lower Saint Mary Lakes,1901-07-14,2100-01-01
06724000,CO,USGS,St. Vrain Ck at Lyons,5292,40.21804,-105.25999,Boulder,101900050701,Indian Mountain-Saint Vrain Creek,1895-10-01,2100-01-01
10344300,CA,USGS,Stampede Res Local Inflow,5690,39.47056,-120.10306,Sierra,160501020107,Boca Reservoir-Little Truckee River,1970-08-09,2100-01-01
10344300,CA,BOR,Stampede Reservoir,5970,39.47509,-120.10336,Sierra,160501020106,Stampede Reservoir-Little Truckee River,1969-10-01,2100-01-01
10349300,NV,USGS,Steamboat Ck at Steamboat,4600,39.37713,-119.74366,Washoe,160501020304,Hidden Valley-Steamboat Creek,1961-10-01,2100-01-01
12451000,WA,USGS,Stehekin R at Stehekin,1099,48.32958,-120.69177,Chelan,170200090114,Cabin Creek-Stehekin River,1910-10-01,2100-01-01
10244950,NV,USGS,Steptoe Ck nr Ely,7440,39.20154,-114.68916,White Pine,160600081101,Upper Steptoe Creek,1966-01-01,2100-01-01
06205000,MT,USGS,Stillwater R nr Absarokee,3874,45.55105,-109.38739,Stillwater,100700050605,Norve Coulee-Stillwater River,1900-01-01,2100-01-01
14037500,OR,USGS,Strawberry Ck nr Prairie City,4910,44.34155,-118.65661,Grant,170702010601,Strawberry Creek-John Day River,1930-10-01,2100-01-01
09288180,UT,USGS,Strawberry R nr Duchesne,5722,40.15468,-110.55488,Duchesne,140600040805,Skitzy Canyon-Strawberry River,1904-07-01,2100-01-01
09285000,UT,USGS,Strawberry R nr Soldier Springs,7360,40.13329,-111.02489,Wasatch,140600040106,Soldier Creek-Strawberry River,1942-10-01,2100-01-01
14375100,OR,USGS,Sucker Ck nr Holland,1714,42.15000,-123.46667,Josephine,171003110204,Lower Sucker Creek,1960-10-01,2100-01-01
09143500,CO,USGS,Surface Ck at Cedaredge,6220,38.90165,-107.92118,Delta,140200050111,Surface Creek,1917-10-01,2100-01-01
12370000,MT,USGS,Swan R nr Bigfork,3063,48.02440,-113.97983,Lake,170102110402,Bigfork Dam,1922-01-01,2100-01-01
06639000,WY,USGS,Sweetwater R nr Alcova,5890,42.48996,-107.13394,Natrona,101800061008,Piaya Lake-Sweetwater River,1913-10-01,2100-01-01
06094100,MT,USGS,Swift Reservoir Inflow,4790,48.16663,-112.87034,Pondera,100302010604,Upper Birch Creek,1947-10-01,2100-01-01
15056210,AK,USGS,Taiya R nr Skagway,50,59.51194,-135.34444,Skagway,190103030104,Taiya River,1969-10-01,2100-01-01
15292700,AK,USGS,Talkeetna R nr Talkeetna,400,62.34644,-150.01920,Matanuska-Susitna,190205030610,Katie Lake-Talkeetna River,1964-01-01,2100-01-01
15485500,AK,USGS,Tanana R at Fairbanks,400,64.79234,-147.84131,Fairbanks North Star,190803071306,City of Fairbanks-Tanana River,1973-01-01,2100-01-01
15515500,AK,USGS,Tanana R at Nenana,339,64.56481,-149.09406,Yukon-Koyukuk,190803072206,City of Nenana-Tanana River,1962-01-01,2100-01-01
12117000,WA,USGS,Taylor Ck nr Selleck,940,47.38649,-121.84622,King,171100120104,Taylor Creek-Cedar River,1956-08-01,2100-01-01
09109209,CO,USGS,Taylor R bl Taylor Park Reservoir,9170,38.81833,-106.60920,Gunnison,140200010113,Lower Taylor River,1953-01-01,2100-01-01
12480000,WA,USGS,Teanaway R bl Forks nr Cle Elum,2160,47.24651,-120.86119,Kittitas,170300010205,Tenaway River,1967-10-01,2100-01-01
08302500,NM,USGS,Tesuque Ck ab Diversions,7220,35.74000,-105.89833,Santa Fe,130201011202,Headwaters Rio Tesuque,1894-12-01,2100-01-01
13052200,ID,USGS,Teton R nr Driggs,5953,43.78194,-111.20917,Teton,170402040404,Swanner Creek,1961-10-01,2100-01-01
06108000,MT,USGS,Teton R nr Dutton,3235,47.93024,-111.55276,Teton,100302050905,Kerr Bridge-Teton River,1954-01-01,2100-01-01
13055000,ID,USGS,Teton R nr St Anthony,4880,43.92722,-111.61389,Fremont,170402040801,Teton River,1890-01-01,2100-01-01
12175500,WA,USGS,Thunder Ck nr Newhalem,1220,48.67263,-121.07290,Whatcom,171100050703,Lower Thunder Creek,1930-10-01,2100-01-01
12301300,MT,USGS,Tobacco R nr Eureka,2519,48.89358,-115.08795,Lincoln,170101010806,Tobacco River,1958-10-01,2100-01-01
09119000,CO,USGS,Tomichi Ck at Gunnison,7629,38.52111,-106.94096,Gunnison,140200030605,Chance Gulch-Tomichi Creek,1937-10-01,2100-01-01
09115500,CO,USGS,Tomichi Ck at Sargents,8416,38.39503,-106.42263,Saguache,140200030105,Porphyry Creek-Tomichi Creek,1889-11-01,2100-01-01
06306300,MT,USGS,Tongue R at State Line nr Decker,3429,45.00886,-106.83618,Big Horn,100901010407,Lower Prairie Dog Creek,1960-01-01,2100-01-01
06298000,WY,USGS,Tongue R nr Dayton,4060,44.84941,-107.30453,Sheridan,100901010207,Middle Little Goose Creek,1918-11-01,2100-01-01
09499000,AZ,USGS,Tonto Ck ab Gun Ck nr Roosevelt,2523,33.98004,-111.30347,Gila,150601050311,Hardt Creek-Tonto Creek,1913-01-01,2100-01-01
13083000,ID,USGS,Trapper Ck nr Oakley,4820,42.16583,-113.98361,Cassia,170402110303,Lower Trapper Creek,1911-05-01,2100-01-01
08240500,CO,USGS,Trinchera Ck ab Turners Ranch,8520,37.37473,-105.29501,Costilla,130100020603,Mountain Home Reservoir-Trinchera Creek,1894-12-01,2100-01-01
11525500,CA,USGS,Trinity R at Lewiston CA,1830,40.72472,-122.80111,Trinity,180102110703,Deadwood Creek-Trinity River,1911-10-01,2100-01-01
10406500,OR,USGS,Trout Ck nr Denio,4352,42.15545,-118.45934,Harney,171200090202,Upper Trout Creek,1911-01-01,2100-01-01
10345999,CA,USGS,Truckee R ab Farad Sidewater,5153,39.42700,-120.03410,Nevada,160501020502,Bronco Creek-Truckee River,1905-10-01,2100-01-01
10346000,CA,USGS,Truckee R at Farad,5153,39.42796,-120.03409,Nevada,160501020502,Bronco Creek-Truckee River,1900-10-01,2100-01-01
11204900,CA,USGS,Tule R bl Success Dam CA,536,36.05634,-118.92371,Tulare,180300060703,Lake Heron-Tule River,1960-10-01,2100-01-01
1120490N,CA,USGS,Tule R bl Success Dam Ca (NWS),536,36.50000,-118.91666,Tulare,180300070305,Lower North Fork Kaweah River,1960-10-31,2100-01-01
11276500,CA,USGS,Tuolumne R nr Hetch Hetchy CA,3430,37.93742,-119.79823,Tuolumne,180400090505,Poopenaut Valley-Tuolumne River,1910-10-01,2100-01-01
1127650N,CA,USGS,Tuolumne R nr Hetch Hetchy Ca (NWS),3430,37.93333,-119.78333,Sutter,180400090505,Poopenaut Valley-Tuolumne River,1910-10-31,2100-01-01
10366000,OR,USGS,Twentymile Ck nr Adel,4561,42.07211,-119.96272,Lake,171200070107,Lower Twelvemile Creek,1910-03-01,2100-01-01
06091700,MT,USGS,Two Medicine R bl South Fork nr Browning,3940,48.42695,-112.98998,Glacier,100302010106,Elk Creek-Two Medicine River,1907-01-01,2100-01-01
09296800,UT,USGS,Uinta R bl Powerplant Diversion nr Neola,7330,40.59139,-110.11361,Duchesne,140600031104,Clover Creek-Uinta River,1889-11-01,2100-01-01
14020000,OR,USGS,Umatilla R ab Meacham Ck nr Gibbon,1855,45.71958,-118.32329,Umatilla,170701030106,Bear Creek-Umatilla River,1933-01-01,2100-01-01
14021000,OR,USGS,Umatilla R at Pendleton,1054,45.67207,-118.79276,Umatilla,170701030507,Cottonwood Creek-Umatilla River,1903-10-01,2100-01-01
09147500,CO,USGS,Uncompahgre R at Colona,6319,38.33138,-107.77950,Ouray,140200060302,Onion Creek-Uncompahgre River,1912-10-01,2100-01-01
09147025,CO,USGS,Uncompahgre R bl Ridgway Reservoir,6650,38.24056,-107.76031,Ouray,140200060209,Ridgeway Reservoir-Uncompahgre River,1898-04-01,2100-01-01
11507001,OR,BOR,Upper Klamath Lake,4097,42.23395,-121.80239,Klamath,180102030309,Upper Klamath Lake,1924-10-01,2100-01-01
11507001,OR,USGS,Upper Klamath Lake Inflow,4098,42.24987,-121.81639,Klamath,180102030309,Upper Klamath Lake,1904-10-01,2100-01-01
11502250,OR,USGS,Upper Williamson R,4175,42.57231,-121.87349,Klamath,180102010604,Larkin Creek-Williamson River,1921-03-01,2100-01-01
10166605,UT,USGS,Utah Lake Inflow,4500,40.38717,-111.90521,Utah,160202011002,Outlet Dry Creek-Jordan River,1953-04-01,2100-01-01
08242500,CO,USGS,Ute Ck nr Fort Garland,8045,37.44722,-105.42583,Costilla,130100020605,Cottonwood Creek-Sangre de Cristo Creek,1894-12-01,2100-01-01
09508500,AZ,USGS,Verde R bl Tangle Ck ab Horseshoe Dam,2029,34.07309,-111.71626,Yavapai,150602030409,Dry Wash-Verde River,1913-10-01,2100-01-01
07203000,NM,USGS,Vermejo R nr Dawson,6360,36.68103,-104.78639,Colfax,110800010401,Rail Canyon-Vermejo River,1915-10-01,2100-01-01
10172700,UT,USGS,Vernon Ck nr Vernon,6200,39.97939,-112.38023,Tooele,160203040102,Vernon Creek,1958-06-01,2100-01-01
09415000,AZ,USGS,Virgin R at Littlefield,1764,36.89164,-113.92441,Mohave,150100100602,Hendricks Canyon-Virgin River,1929-10-01,2100-01-01
09406000,UT,USGS,Virgin R at Virgin,3500,37.20415,-113.18078,Washington,150100080508,Chinatown Wash-Virgin River,1909-01-01,2100-01-01
09408150,UT,USGS,Virgin R nr Hurricane,2836,37.16276,-113.39523,Washington,150100080909,Cottonwood Wash-Virgin River,1967-01-01,2100-01-01
09223100,WY,BOR,Viva Naughton Res,7250,41.96506,-110.65020,Lincoln,140401070505,Dempsey Creek-Hams Fork,1960-12-01,2100-01-01
10166430,UT,USGS,W Canyon Ck nr Cedar Fort,5620,40.40523,-112.10050,Utah,160202010702,West Canyon Wash-Tickville Gulch,1965-01-01,2100-01-01
10296000,CA,USGS,W Walker R bl L Walker R nr Coleville,6591,38.37964,-119.45016,Mono,160503020202,Rock Creek-West Walker River,1938-04-01,2100-01-01
10296500,CA,USGS,W Walker R nr Coleville,5520,38.51324,-119.44989,Mono,160503020204,East Slough-West Walker River,1902-10-01,2100-01-01
10288500,NV,USGS,Walker Lake Elevation Change,3900,38.67659,-118.77208,Mineral,160503040500,Walker Lake,2004-01-01,2100-01-01
10136500,UT,USGS,Weber R at Gateway,4800,41.13689,-111.83244,Morgan,160201020407,Corbett Creek-Weber River,1919-01-01,2100-01-01
10130500,UT,USGS,Weber R nr Coalville,5600,40.89523,-111.40186,Summit,160201010405,Spring Canyon-Weber River,1926-10-01,2100-01-01
10128500,UT,USGS,Weber R nr Oakley,6640,40.73717,-111.24797,Summit,160201010206,Whites Creek-Weber River,1904-10-01,2100-01-01
13266000,ID,USGS,Weiser R nr Weiser,2206,44.27000,-116.77222,Washington,170501241102,Bear Creek-Weiser River,1909-10-01,2100-01-01
12459000,WA,USGS,Wenatchee R at Peshastin,1028,47.58318,-120.61953,Chelan,170200110706,Derby Canyon-Wenatchee River,1929-03-01,2100-01-01
12457000,WA,USGS,Wenatchee R at Plain,1805,47.76290,-120.66620,Chelan,170200110701,Beaver Creek-Wenatchee River,1910-10-01,2100-01-01
06204050,MT,USGS,West Rosebud Ck nr Roscoe,6536,45.24300,-109.73128,Stillwater,100700050404,Lower West Rosebud Creek,1965-09-01,2100-01-01
12342500,MT,USGS,WF Bitterroot R nr Conner,4581,45.72483,-114.28229,Ravalli,170102050301,West Fork Bitterroot River-Mud Creek,1941-01-01,2100-01-01
10310000,CA,USGS,WF Carson R nr Woodfords,5755,38.76963,-119.83379,Alpine,160502010304,Lower West Fork Carson River,1900-10-01,2100-01-01
09274899,UT,USGS,WF Duchesne R at Vat Diversion,7800,40.45028,-111.00361,Wasatch,140600030103,West Fork Duchesne River,1980-10-01,2100-01-01
14118500,OR,USGS,WF Hood R nr Dee,802,45.59845,-121.63591,Hood River,170701050603,Lower West Fork Hood River,1913-10-01,2100-01-01
WHEATFLD,NM,USGS,Wheatfields Ck nr Wheatfields,7360,36.22320,-109.06670,UNKNOWN,140802040102,Upper Wheatfields Creek,1995-10-01,2100-01-01
12097850,WA,USGS,White R bl Clearwater R nr Buckley,1100,47.14694,-121.85889,King,171100140403,Boise Creek-White River,1974-06-01,2100-01-01
09312600,UT,USGS,White R bl Tabbyune Creek,7230,39.87579,-111.03739,Utah,140600070103,Tabbyune Creek-White River,1967-01-01,2100-01-01
12098500,WA,USGS,White R nr Buckley,840,47.15121,-121.94983,King,171100140403,Boise Creek-White River,1928-10-01,2100-01-01
09304500,CO,USGS,White R nr Meeker,6300,40.03358,-107.86229,Rio Blanco,140500050310,City of Meeker-White River,1901-10-01,2100-01-01
09299500,UT,USGS,Whiterocks R nr Whiterocks,7200,40.59361,-109.93167,Uintah,140600031204,Whiterocks River,1909-10-01,2100-01-01
14075000,OR,USGS,Whychus Ck nr Sisters,3490,44.23373,-121.56699,Deschutes,170703010702,Upper Whychus Creek,1906-01-01,2100-01-01
14191000,OR,USGS,Willamette R at Salem,106,44.94429,-123.04287,Marion,170900070301,Croisan Creek-Willamette River,1909-10-01,2100-01-01
09038500,CO,USGS,Williams Fk bl Williams Fk Reservoir,7615,40.03526,-106.20530,Grand,140100010407,Williams Fork Reservoir-Lower Williams Fork,1948-10-01,2100-01-01
11502500,OR,USGS,Williamson R bl Sprague R nr Chiloquin,4149,42.56486,-121.87946,Klamath,180102010605,Lobert Draw-Williamson River,1917-01-01,2100-01-01
14034470,OR,USGS,Willow Ck ab Willow Ck Lake nr Heppner,2085,45.34068,-119.51585,Morrow,170701040105,Shobe Creek-Willow Creek,1982-10-01,2100-01-01
09021000,CO,USGS,Willow Ck bl Willow Ck Reservoir,8024,40.14582,-105.94002,Grand,140100010104,Lower Willow Creek,1919-10-01,2100-01-01
13058000,ID,USGS,Willow Ck nr Ririe,4950,43.58333,-111.74611,Bonneville,170402050406,Upper Willow Creek,1903-04-01,2100-01-01
06035000,MT,USGS,Willow Ck Reservoir Inflow,4750,45.72298,-111.74109,Madison,100200050705,Willow Creek,1938-01-01,2100-01-01
06223900,WY,USGS,Wind R ab Bull Lake Ck,5650,43.24483,-109.02447,Fremont,100800010708,Sand Draw-Wind River,1945-10-01,2100-01-01
06228000,WY,USGS,Wind R at Riverton,4902,43.01051,-108.37677,Fremont,100800011004,Lefthand Ditch-Wind River,1912-04-01,2100-01-01
06259000,WY,USGS,Wind R bl Boysen Reservoir,4609,43.42496,-108.17899,Fremont,100800050607,Lower Muddy Creek,1951-01-01,2100-01-01
12304500,MT,USGS,Yaak R nr Troy,1839,48.56189,-115.97018,Lincoln,170101030505,Kilbrennan Creek-Yaak River,1956-01-01,2100-01-01
12505001,WA,USGS,Yakima R nr Parker,886,46.49707,-120.44284,Yakima,170300030501,Wapato Dam-Yakima River,1908-04-25,2100-01-01
09237450,CO,USGS,Yampa R ab Stagecoach Reservoir,7200,40.26925,-106.88125,Routt,140500010111,Morrison Creek-Yampa River,1988-10-01,2100-01-01
09239500,CO,USGS,Yampa R at Steamboat Springs,6695,40.48299,-106.83243,Routt,140500010409,City of Steamboat Springs-Yampa River,1904-10-01,2100-01-01
09251000,CO,USGS,Yampa R nr Maybell,5900,40.50275,-108.03342,Moffat,140500020406,Juniper Canyon,1916-05-01,2100-01-01
06214500,MT,USGS,Yellowstone R at Billings,3081,45.79995,-108.46736,Yellowstone,100700041006,City of Billings-Yellowstone River,1904-01-01,2100-01-01
06191500,MT,USGS,Yellowstone R at Corwin Springs,5079,45.11188,-110.79438,Park,100700020103,Bassett Creek-Yellowstone River,1889-08-01,2100-01-01
06192500,MT,USGS,Yellowstone R at Livingston,4542,45.59716,-110.56604,Park,100700020409,Suce Creek-Yellowstone River,1897-05-01,2100-01-01
06309000,MT,USGS,Yellowstone R at Miles City,2333,46.42167,-105.86111,Custer,101000012602,Kircher Creek-Yellowstone River,1922-01-01,2100-01-01
06186500,WY,USGS,Yellowstone R at Yellowstone Lake Outlet,7728,44.56744,-110.38076,Park,100700010702,Upper Soda Butte Creek,1926-10-01,2100-01-01
09292500,UT,USGS,Yellowstone R nr Altonah,7430,40.51189,-110.34155,Duchesne,140600030705,Crystal Creek-Yellowstone River,1944-10-01,2100-01-01
06329500,MT,USGS,Yellowstone R nr Sidney,1881,47.67835,-104.15660,Richland,101000042209,Town of Newlon Junction-Yellowstone River,1910-10-01,2100-01-01
11418000,CA,USGS,Yuba R bl Englebright Dam nr Smartville,279,39.23517,-121.27413,Yuba,180201251002,Woods Creek-Yuba River,1941-10-01,2100-01-01
1141800N,CA,USGS,Yuba R bl Englebright Dam nr Smartville,279,39.23333,-121.26666,Yuba,180201251002,Woods Creek-Yuba River,1941-10-31,2100-01-01
15356000,AK,USGS,Yukon R at Eagle,850,64.78917,-141.20009,Southeast Fairbanks,190705051301,Buckeye Creek-Yukon River,1950-01-01,2100-01-01
15453500,AK,USGS,Yukon R nr Stevens Village,240,65.87510,-149.72035,Yukon-Koyukuk,190804040504,Smoothface Mountain-Yukon River,1976-10-01,2100-01-01
09386950,NM,USGS,Zuni R ab Black Rock Reservoir,6480,35.10028,-108.75167,McKinley,150200040313,Black Rock Reservoir-Zuni River,1969-10-01,2100-01-01
